t_us,vo,il,duty,vin,rload
0.005,0.00000,0.00000,x,28.0,1.667
1.005,0.00000,0.00000,0,28.0,1.667
2.005,0.00000,0.00000,0,28.0,1.667
3.005,0.00000,0.00000,0,28.0,1.667
4.005,0.00000,0.00000,0,28.0,1.667
5.005,0.00000,0.00000,0,28.0,1.667
6.005,0.01128,1.15566,400,28.0,1.667
7.005,0.04910,2.41903,400,28.0,1.667
8.005,0.11307,3.67436,400,28.0,1.667
9.005,0.20267,4.92052,400,28.0,1.667
10.005,0.30610,5.00073,400,28.0,1.667
11.005,0.41660,5.60892,51,28.0,1.667
12.005,0.52941,5.56204,51,28.0,1.667
13.005,0.63975,5.51032,51,28.0,1.667
14.005,0.74754,5.45388,51,28.0,1.667
15.005,0.85272,5.39287,51,28.0,1.667
16.005,0.95548,5.34010,1,28.0,1.667
17.005,1.05553,5.27029,1,28.0,1.667
18.005,1.15278,5.19632,1,28.0,1.667
19.005,1.24720,5.11834,1,28.0,1.667
20.005,1.33873,5.03650,1,28.0,1.667
21.005,1.42965,5.07767,10,28.0,1.667
22.005,1.51792,4.98781,10,28.0,1.667
23.005,1.60313,4.89442,10,28.0,1.667
24.005,1.68525,4.79766,10,28.0,1.667
25.005,1.76425,4.69769,10,28.0,1.667
26.005,1.84467,4.86087,21,28.0,1.667
27.005,1.92290,4.75340,21,28.0,1.667
28.005,1.99783,4.64294,21,28.0,1.667
29.005,2.06945,4.52965,21,28.0,1.667
30.005,2.13774,4.41371,21,28.0,1.667
31.005,2.20885,4.67567,30,28.0,1.667
32.005,2.27838,4.55271,30,28.0,1.667
33.005,2.34441,4.42724,30,28.0,1.667
34.005,2.40691,4.29942,30,28.0,1.667
35.005,2.46590,4.16942,30,28.0,1.667
36.005,2.52878,4.51936,38,28.0,1.667
37.005,2.59080,4.38277,38,28.0,1.667
38.005,2.64912,4.24407,38,28.0,1.667
39.005,2.70376,4.10344,38,28.0,1.667
40.005,2.75470,3.96105,38,28.0,1.667
41.005,2.81020,4.37520,44,28.0,1.667
42.005,2.86548,4.22665,44,28.0,1.667
43.005,2.91689,4.07636,44,28.0,1.667
44.005,2.96446,3.92450,44,28.0,1.667
45.005,3.00820,3.77126,44,28.0,1.667
46.005,3.05719,4.26385,51,28.0,1.667
47.005,3.10686,4.10473,51,28.0,1.667
48.005,3.15253,3.94417,51,28.0,1.667
49.005,3.19421,3.78235,51,28.0,1.667
50.005,3.23192,3.61947,51,28.0,1.667
51.005,3.27528,4.16627,56,28.0,1.667
52.005,3.32002,3.99781,56,28.0,1.667
53.005,3.36063,3.82818,56,28.0,1.667
54.005,3.39712,3.65757,56,28.0,1.667
55.005,3.42953,3.48617,56,28.0,1.667
56.005,3.46784,4.07556,60,28.0,1.667
57.005,3.50813,3.89888,60,28.0,1.667
58.005,3.54417,3.72127,60,28.0,1.667
59.005,3.57599,3.54293,60,28.0,1.667
60.005,3.60363,3.36404,60,28.0,1.667
61.005,3.63739,3.99704,64,28.0,1.667
62.005,3.67380,3.81311,64,28.0,1.667
63.005,3.70585,3.62847,64,28.0,1.667
64.005,3.73358,3.44330,64,28.0,1.667
65.005,3.75705,3.25782,64,28.0,1.667
66.005,3.78682,3.93529,68,28.0,1.667
67.005,3.81996,3.74494,68,28.0,1.667
68.005,3.84864,3.55405,68,28.0,1.667
69.005,3.87293,3.36282,68,28.0,1.667
70.005,3.89286,3.17146,68,28.0,1.667
71.005,3.91920,3.88139,71,28.0,1.667
72.005,3.94946,3.68534,71,28.0,1.667
73.005,3.97518,3.48892,71,28.0,1.667
74.005,3.99643,3.29231,71,28.0,1.667
75.005,4.01325,3.09574,71,28.0,1.667
76.005,4.03656,3.83877,74,28.0,1.667
77.005,4.06437,3.63765,74,28.0,1.667
78.005,4.08758,3.43629,74,28.0,1.667
79.005,4.10623,3.23488,74,28.0,1.667
80.005,4.12039,3.03365,74,28.0,1.667
81.005,4.14108,3.79760,76,28.0,1.667
82.005,4.16665,3.59198,76,28.0,1.667
83.005,4.18754,3.38623,76,28.0,1.667
84.005,4.20383,3.18058,76,28.0,1.667
85.005,4.21556,2.97522,76,28.0,1.667
86.005,4.23383,3.76061,78,28.0,1.667
87.005,4.25740,3.55100,78,28.0,1.667
88.005,4.27624,3.34137,78,28.0,1.667
89.005,4.29041,3.13194,78,28.0,1.667
90.005,4.29997,2.92292,78,28.0,1.667
91.005,4.31610,3.73022,80,28.0,1.667
92.005,4.33794,3.51705,80,28.0,1.667
93.005,4.35500,3.30396,80,28.0,1.667
94.005,4.36735,3.09117,80,28.0,1.667
95.005,4.37504,2.87889,80,28.0,1.667
96.005,4.38931,3.70846,82,28.0,1.667
97.005,4.40973,3.49210,82,28.0,1.667
98.005,4.42532,3.27590,82,28.0,1.667
99.005,4.43614,3.06009,82,28.0,1.667
100.005,4.44227,2.84486,82,28.0,1.667
101.005,4.45496,3.68430,83,28.0,1.667
102.005,4.47401,3.46510,83,28.0,1.667
103.005,4.48818,3.24615,83,28.0,1.667
104.005,4.49755,3.02764,83,28.0,1.667
105.005,4.50219,2.80982,83,28.0,1.667
106.005,4.51339,3.67218,85,28.0,1.667
107.005,4.53142,3.45041,85,28.0,1.667
108.005,4.54452,3.22894,85,28.0,1.667
109.005,4.55279,3.00798,85,28.0,1.667
110.005,4.55628,2.78776,85,28.0,1.667
111.005,4.56631,3.64780,85,28.0,1.667
112.005,4.58312,3.42377,85,28.0,1.667
113.005,4.59499,3.20010,85,28.0,1.667
114.005,4.60198,2.97701,85,28.0,1.667
115.005,4.60417,2.75473,85,28.0,1.667
116.005,4.61290,3.63823,87,28.0,1.667
117.005,4.62890,3.41214,87,28.0,1.667
118.005,4.63991,3.18647,87,28.0,1.667
119.005,4.64603,2.96143,87,28.0,1.667
120.005,4.64731,2.73724,87,28.0,1.667
121.005,4.65510,3.61888,87,28.0,1.667
122.005,4.67014,3.39099,87,28.0,1.667
123.005,4.68017,3.16356,87,28.0,1.667
124.005,4.68527,2.93683,87,28.0,1.667
125.005,4.68552,2.71100,87,28.0,1.667
126.005,4.69226,3.60377,88,28.0,1.667
127.005,4.70649,3.37428,88,28.0,1.667
128.005,4.71568,3.14530,88,28.0,1.667
129.005,4.71993,2.91705,88,28.0,1.667
130.005,4.71931,2.68976,88,28.0,1.667
131.005,4.72517,3.59384,89,28.0,1.667
132.005,4.73875,3.36292,89,28.0,1.667
133.005,4.74728,3.13254,89,28.0,1.667
134.005,4.75084,2.90294,89,28.0,1.667
135.005,4.74952,2.67432,89,28.0,1.667
136.005,4.75465,3.57712,89,28.0,1.667
137.005,4.76749,3.34495,89,28.0,1.667
138.005,4.77527,3.11337,89,28.0,1.667
139.005,4.77806,2.88260,89,28.0,1.667
140.005,4.77594,2.65286,89,28.0,1.667
141.005,4.78029,3.56730,90,28.0,1.667
142.005,4.79258,3.33403,90,28.0,1.667
143.005,4.79980,3.10137,90,28.0,1.667
144.005,4.80201,2.86955,90,28.0,1.667
145.005,4.79931,2.63880,90,28.0,1.667
146.005,4.80304,3.56499,91,28.0,1.667
147.005,4.81499,3.33070,91,28.0,1.667
148.005,4.82184,3.09705,91,28.0,1.667
149.005,4.82367,2.86426,91,28.0,1.667
150.005,4.82057,2.63256,91,28.0,1.667
151.005,4.82390,3.55782,91,28.0,1.667
152.005,4.83542,3.32263,91,28.0,1.667
153.005,4.84183,3.08810,91,28.0,1.667
154.005,4.84321,2.85445,91,28.0,1.667
155.005,4.83965,2.62192,91,28.0,1.667
156.005,4.84250,3.54637,91,28.0,1.667
157.005,4.85354,3.31040,91,28.0,1.667
158.005,4.85945,3.07511,91,28.0,1.667
159.005,4.86032,2.84074,91,28.0,1.667
160.005,4.85624,2.60750,91,28.0,1.667
161.005,4.85857,3.53128,92,28.0,1.667
162.005,4.86935,3.30733,92,28.0,1.667
163.005,4.87499,3.07134,92,28.0,1.667
164.005,4.87558,2.83629,92,28.0,1.667
165.005,4.87120,2.60239,92,28.0,1.667
166.005,4.87323,3.52551,92,28.0,1.667
167.005,4.88369,3.30093,92,28.0,1.667
168.005,4.88901,3.06433,92,28.0,1.667
169.005,4.88926,2.82868,92,28.0,1.667
170.005,4.88455,2.59420,92,28.0,1.667
171.005,4.88622,3.51677,92,28.0,1.667
172.005,4.89633,3.29164,92,28.0,1.667
173.005,4.90128,3.05452,92,28.0,1.667
174.005,4.90117,2.81837,92,28.0,1.667
175.005,4.89608,2.58340,92,28.0,1.667
176.005,4.89738,3.50550,93,28.0,1.667
177.005,4.90736,3.29259,93,28.0,1.667
178.005,4.91219,3.05497,93,28.0,1.667
179.005,4.91195,2.81832,93,28.0,1.667
180.005,4.90672,2.58287,93,28.0,1.667
181.005,4.90786,3.50450,93,28.0,1.667
182.005,4.91769,3.29112,93,28.0,1.667
183.005,4.92235,3.05304,93,28.0,1.667
184.005,4.92193,2.81595,93,28.0,1.667
185.005,4.91652,2.58006,93,28.0,1.667
186.005,4.91747,3.50125,93,28.0,1.667
187.005,4.92711,3.28746,93,28.0,1.667
188.005,4.93157,3.04898,93,28.0,1.667
189.005,4.93094,2.81148,93,28.0,1.667
190.005,4.92531,2.57521,93,28.0,1.667
191.005,4.92605,3.49604,94,28.0,1.667
192.005,4.93572,3.29455,94,28.0,1.667
193.005,4.94022,3.05564,94,28.0,1.667
194.005,4.93962,2.81773,94,28.0,1.667
195.005,4.93401,2.58103,94,28.0,1.667
196.005,4.93476,3.50143,93,28.0,1.667
197.005,4.94417,3.28686,93,28.0,1.667
198.005,4.94839,3.04761,93,28.0,1.667
199.005,4.94751,2.80937,93,28.0,1.667
200.005,4.94162,2.57236,93,28.0,1.667
201.005,4.94209,3.49246,93,28.0,1.667
202.005,4.95121,3.27761,93,28.0,1.667
203.005,4.95515,3.03808,93,28.0,1.667
204.005,4.95398,2.79958,93,28.0,1.667
205.005,4.94780,2.56233,93,28.0,1.667
206.005,4.94797,3.48221,94,28.0,1.667
207.005,4.95706,3.27980,94,28.0,1.667
208.005,4.96097,3.04001,94,28.0,1.667
209.005,4.95976,2.80124,94,28.0,1.667
210.005,4.95354,2.56372,94,28.0,1.667
211.005,4.95367,3.48333,94,28.0,1.667
212.005,4.96271,3.28066,94,28.0,1.667
213.005,4.96656,3.04060,94,28.0,1.667
214.005,4.96529,2.80158,94,28.0,1.667
215.005,4.95900,2.56381,94,28.0,1.667
216.005,4.95906,3.48317,94,28.0,1.667
217.005,4.96802,3.28026,94,28.0,1.667
218.005,4.97180,3.03997,94,28.0,1.667
219.005,4.97045,2.80071,94,28.0,1.667
220.005,4.96407,2.56271,94,28.0,1.667
221.005,4.96404,3.48185,94,28.0,1.667
222.005,4.97291,3.27872,94,28.0,1.667
223.005,4.97659,3.03822,94,28.0,1.667
224.005,4.97514,2.79875,94,28.0,1.667
225.005,4.96866,2.56055,94,28.0,1.667
226.005,4.96852,3.47950,94,28.0,1.667
227.005,4.97728,3.27618,94,28.0,1.667
228.005,4.98085,3.03549,94,28.0,1.667
229.005,4.97929,2.79584,94,28.0,1.667
230.005,4.97269,2.55747,94,28.0,1.667
231.005,4.97243,3.47625,94,28.0,1.667
232.005,4.98108,3.27277,94,28.0,1.667
233.005,4.98452,3.03193,94,28.0,1.667
234.005,4.98284,2.79214,94,28.0,1.667
235.005,4.97612,2.55362,94,28.0,1.667
236.005,4.97573,3.47227,95,28.0,1.667
237.005,4.98451,3.28132,95,28.0,1.667
238.005,4.98809,3.04028,95,28.0,1.667
239.005,4.98653,2.80029,95,28.0,1.667
240.005,4.97994,2.56157,95,28.0,1.667
241.005,4.97967,3.48000,94,28.0,1.667
242.005,4.98830,3.27618,94,28.0,1.667
243.005,4.99171,3.03499,94,28.0,1.667
244.005,4.99000,2.79486,94,28.0,1.667
245.005,4.98324,2.55601,94,28.0,1.667
246.005,4.98282,3.47432,94,28.0,1.667
247.005,4.99128,3.27038,94,28.0,1.667
248.005,4.99454,3.02909,94,28.0,1.667
249.005,4.99266,2.78886,94,28.0,1.667
250.005,4.98575,2.54992,94,28.0,1.667
251.005,4.98516,3.46815,94,28.0,1.667
252.005,4.99346,3.26414,94,28.0,1.667
253.005,4.99656,3.02278,94,28.0,1.667
254.005,4.99452,2.78249,94,28.0,1.667
255.005,4.98745,2.54350,94,28.0,1.667
256.005,4.98670,3.46168,94,28.0,1.667
257.005,4.99485,3.25764,94,28.0,1.667
258.005,4.99779,3.01625,94,28.0,1.667
259.005,4.99560,2.77594,94,28.0,1.667
260.005,4.98837,2.53693,94,28.0,1.667
261.005,4.98747,3.45510,94,28.0,1.667
262.005,4.99547,3.25105,94,28.0,1.667
263.005,4.99827,3.00967,94,28.0,1.667
264.005,4.99593,2.76937,94,28.0,1.667
265.005,4.98856,2.53038,94,28.0,1.667
266.005,4.98752,3.44858,95,28.0,1.667
267.005,4.99564,3.25723,95,28.0,1.667
268.005,4.99857,3.01580,95,28.0,1.667
269.005,4.99636,2.77546,95,28.0,1.667
270.005,4.98911,2.53642,95,28.0,1.667
271.005,4.98819,3.45457,95,28.0,1.667
272.005,4.99643,3.26315,95,28.0,1.667
273.005,4.99947,3.02166,95,28.0,1.667
274.005,4.99737,2.78125,95,28.0,1.667
275.005,4.99023,2.54214,95,28.0,1.667
276.005,4.98942,3.46020,94,28.0,1.667
277.005,4.99750,3.25604,94,28.0,1.667
278.005,5.00037,3.01454,94,28.0,1.667
279.005,4.99811,2.77412,94,28.0,1.667
280.005,4.99081,2.53501,94,28.0,1.667
281.005,4.98984,3.45308,95,28.0,1.667
282.005,4.99803,3.26160,95,28.0,1.667
283.005,5.00101,3.02005,95,28.0,1.667
284.005,4.99886,2.77958,95,28.0,1.667
285.005,4.99166,2.54040,95,28.0,1.667
286.005,4.99079,3.45841,95,28.0,1.667
287.005,4.99908,3.26686,95,28.0,1.667
288.005,5.00216,3.02524,95,28.0,1.667
289.005,5.00010,2.78468,95,28.0,1.667
290.005,4.99300,2.54543,95,28.0,1.667
291.005,4.99222,3.46335,94,28.0,1.667
292.005,5.00033,3.25905,94,28.0,1.667
293.005,5.00323,3.01741,94,28.0,1.667
294.005,5.00099,2.77684,94,28.0,1.667
295.005,4.99371,2.53759,94,28.0,1.667
296.005,4.99276,3.45552,95,28.0,1.667
297.005,5.00096,3.26390,95,28.0,1.667
298.005,5.00395,3.02220,95,28.0,1.667
299.005,5.00181,2.78158,95,28.0,1.667
300.005,4.99461,2.54226,95,28.0,1.667
301.005,4.99375,3.46013,94,28.0,1.667
302.005,5.00177,3.25577,94,28.0,1.667
303.005,5.00458,3.01408,94,28.0,1.667
304.005,5.00226,2.77348,94,28.0,1.667
305.005,4.99489,2.53418,94,28.0,1.667
306.005,4.99385,3.45208,95,28.0,1.667
307.005,5.00196,3.26042,95,28.0,1.667
308.005,5.00486,3.01870,95,28.0,1.667
309.005,5.00263,2.77806,95,28.0,1.667
310.005,4.99536,2.53872,95,28.0,1.667
311.005,4.99440,3.45657,95,28.0,1.667
312.005,5.00260,3.26487,95,28.0,1.667
313.005,5.00560,3.02310,95,28.0,1.667
314.005,5.00345,2.78240,95,28.0,1.667
315.005,4.99625,2.54300,95,28.0,1.667
316.005,4.99538,3.46079,94,28.0,1.667
317.005,5.00339,3.25636,94,28.0,1.667
318.005,5.00620,3.01459,94,28.0,1.667
319.005,5.00386,2.77391,94,28.0,1.667
320.005,4.99648,2.53454,94,28.0,1.667
321.005,4.99543,3.45236,95,28.0,1.667
322.005,5.00352,3.26063,95,28.0,1.667
323.005,5.00641,3.01884,95,28.0,1.667
324.005,5.00416,2.77813,95,28.0,1.667
325.005,4.99687,2.53872,95,28.0,1.667
326.005,4.99590,3.45651,95,28.0,1.667
327.005,5.00408,3.26473,95,28.0,1.667
328.005,5.00705,3.02289,95,28.0,1.667
329.005,5.00487,2.78213,95,28.0,1.667
330.005,4.99765,2.54268,95,28.0,1.667
331.005,4.99675,3.46041,95,28.0,1.667
332.005,5.00500,3.26858,95,28.0,1.667
333.005,5.00804,3.02667,95,28.0,1.667
334.005,5.00594,2.78585,95,28.0,1.667
335.005,4.99878,2.54633,95,28.0,1.667
336.005,4.99795,3.46399,94,28.0,1.667
337.005,5.00599,3.25942,94,28.0,1.667
338.005,5.00883,3.01752,94,28.0,1.667
339.005,5.00652,2.77670,94,28.0,1.667
340.005,4.99916,2.53720,94,28.0,1.667
341.005,4.99813,3.45489,95,28.0,1.667
342.005,5.00624,3.26302,95,28.0,1.667
343.005,5.00915,3.02110,95,28.0,1.667
344.005,5.00691,2.78025,95,28.0,1.667
345.005,4.99962,2.54071,95,28.0,1.667
346.005,4.99866,3.45836,95,28.0,1.667
347.005,5.00684,3.26645,95,28.0,1.667
348.005,5.00981,3.02448,95,28.0,1.667
349.005,5.00763,2.78359,95,28.0,1.667
350.005,5.00041,2.54400,95,28.0,1.667
351.005,4.99950,3.46160,94,28.0,1.667
352.005,5.00748,3.25697,94,28.0,1.667
353.005,5.01024,3.01502,94,28.0,1.667
354.005,5.00786,2.77415,94,28.0,1.667
355.005,5.00043,2.53460,94,28.0,1.667
356.005,4.99933,3.45224,95,28.0,1.667
357.005,5.00737,3.26034,95,28.0,1.667
358.005,5.01020,3.01837,95,28.0,1.667
359.005,5.00790,2.77749,95,28.0,1.667
360.005,5.00054,2.53792,95,28.0,1.667
361.005,4.99950,3.45555,95,28.0,1.667
362.005,5.00761,3.26362,95,28.0,1.667
363.005,5.01051,3.02162,95,28.0,1.667
364.005,5.00827,2.78071,95,28.0,1.667
365.005,5.00097,2.54111,95,28.0,1.667
366.005,5.00000,3.45870,95,28.0,1.667
367.005,5.00817,3.26673,95,28.0,1.667
368.005,5.01113,3.02469,95,28.0,1.667
369.005,5.00894,2.78374,95,28.0,1.667
370.005,5.00170,2.54409,95,28.0,1.667
371.005,5.00078,3.46163,95,28.0,1.667
372.005,5.00900,3.26961,95,28.0,1.667
373.005,5.01201,3.02753,95,28.0,1.667
374.005,5.00987,2.78652,95,28.0,1.667
375.005,5.00268,2.54682,95,28.0,1.667
376.005,5.00180,3.46430,94,28.0,1.667
377.005,5.00980,3.25956,94,28.0,1.667
378.005,5.01259,3.01748,94,28.0,1.667
379.005,5.01023,2.77650,94,28.0,1.667
380.005,5.00282,2.53683,94,28.0,1.667
381.005,5.00173,3.45436,95,28.0,1.667
382.005,5.00979,3.26233,95,28.0,1.667
383.005,5.01263,3.02025,95,28.0,1.667
384.005,5.01033,2.77925,95,28.0,1.667
385.005,5.00298,2.53956,95,28.0,1.667
386.005,5.00194,3.45706,95,28.0,1.667
387.005,5.01005,3.26502,95,28.0,1.667
388.005,5.01295,3.02291,95,28.0,1.667
389.005,5.01070,2.78188,95,28.0,1.667
390.005,5.00340,2.54216,95,28.0,1.667
391.005,5.00241,3.45963,95,28.0,1.667
392.005,5.01057,3.26755,95,28.0,1.667
393.005,5.01351,3.02541,95,28.0,1.667
394.005,5.01131,2.78434,95,28.0,1.667
395.005,5.00405,2.54458,95,28.0,1.667
396.005,5.00311,3.46202,94,28.0,1.667
397.005,5.01105,3.25722,94,28.0,1.667
398.005,5.01377,3.01511,94,28.0,1.667
399.005,5.01134,2.77408,94,28.0,1.667
400.005,5.00387,2.53437,94,28.0,1.667
401.005,5.00271,3.45187,95,28.0,1.667
402.005,5.01070,3.25981,95,28.0,1.667
403.005,5.01348,3.01770,95,28.0,1.667
404.005,5.01112,2.77667,95,28.0,1.667
405.005,5.00370,2.53696,95,28.0,1.667
406.005,5.00260,3.45445,95,28.0,1.667
407.005,5.01065,3.26238,95,28.0,1.667
408.005,5.01348,3.02026,95,28.0,1.667
409.005,5.01117,2.77922,95,28.0,1.667
410.005,5.00381,2.53949,95,28.0,1.667
411.005,5.00276,3.45696,95,28.0,1.667
412.005,5.01086,3.26488,95,28.0,1.667
413.005,5.01374,3.02273,95,28.0,1.667
414.005,5.01148,2.78167,95,28.0,1.667
415.005,5.00416,2.54192,95,28.0,1.667
416.005,5.00316,3.45936,94,28.0,1.667
417.005,5.01104,3.25458,94,28.0,1.667
418.005,5.01370,3.01248,94,28.0,1.667
419.005,5.01123,2.77147,94,28.0,1.667
420.005,5.00370,2.53178,94,28.0,1.667
421.005,5.00249,3.44929,95,28.0,1.667
422.005,5.01043,3.25726,95,28.0,1.667
423.005,5.01316,3.01517,95,28.0,1.667
424.005,5.01074,2.77417,95,28.0,1.667
425.005,5.00328,2.53449,95,28.0,1.667
426.005,5.00213,3.45200,95,28.0,1.667
427.005,5.01013,3.25998,95,28.0,1.667
428.005,5.01292,3.01789,95,28.0,1.667
429.005,5.01057,2.77688,95,28.0,1.667
430.005,5.00316,2.53720,95,28.0,1.667
431.005,5.00208,3.45471,95,28.0,1.667
432.005,5.01013,3.26267,95,28.0,1.667
433.005,5.01298,3.02056,95,28.0,1.667
434.005,5.01068,2.77955,95,28.0,1.667
435.005,5.00333,2.53984,95,28.0,1.667
436.005,5.00230,3.45733,95,28.0,1.667
437.005,5.01041,3.26526,95,28.0,1.667
438.005,5.01331,3.02314,95,28.0,1.667
439.005,5.01106,2.78209,95,28.0,1.667
440.005,5.00376,2.54236,95,28.0,1.667
441.005,5.00277,3.45981,95,28.0,1.667
442.005,5.01093,3.26771,95,28.0,1.667
443.005,5.01387,3.02555,95,28.0,1.667
444.005,5.01166,2.78447,95,28.0,1.667
445.005,5.00440,2.54469,95,28.0,1.667
446.005,5.00346,3.46211,94,28.0,1.667
447.005,5.01140,3.25730,94,28.0,1.667
448.005,5.01411,3.01517,94,28.0,1.667
449.005,5.01168,2.77413,94,28.0,1.667
450.005,5.00421,2.53440,94,28.0,1.667
451.005,5.00305,3.45188,95,28.0,1.667
452.005,5.01103,3.25981,95,28.0,1.667
453.005,5.01381,3.01768,95,28.0,1.667
454.005,5.01144,2.77664,95,28.0,1.667
455.005,5.00401,2.53692,95,28.0,1.667
456.005,5.00291,3.45439,95,28.0,1.667
457.005,5.01095,3.26231,95,28.0,1.667
458.005,5.01378,3.02017,95,28.0,1.667
459.005,5.01146,2.77912,95,28.0,1.667
460.005,5.00409,2.53938,95,28.0,1.667
461.005,5.00304,3.45684,95,28.0,1.667
462.005,5.01113,3.26474,95,28.0,1.667
463.005,5.01401,3.02259,95,28.0,1.667
464.005,5.01174,2.78151,95,28.0,1.667
465.005,5.00441,2.54175,95,28.0,1.667
466.005,5.00341,3.45918,95,28.0,1.667
467.005,5.01154,3.26705,95,28.0,1.667
468.005,5.01446,3.02487,95,28.0,1.667
469.005,5.01224,2.78376,95,28.0,1.667
470.005,5.00495,2.54396,95,28.0,1.667
471.005,5.00399,3.46136,95,28.0,1.667
472.005,5.01216,3.26920,95,28.0,1.667
473.005,5.01512,3.02697,95,28.0,1.667
474.005,5.01293,2.78583,95,28.0,1.667
475.005,5.00568,2.54599,95,28.0,1.667
476.005,5.00474,3.46334,95,28.0,1.667
477.005,5.01295,3.27113,95,28.0,1.667
478.005,5.01594,3.02886,95,28.0,1.667
479.005,5.01377,2.78767,95,28.0,1.667
480.005,5.00655,2.54778,95,28.0,1.667
481.005,5.00564,3.46509,94,28.0,1.667
482.005,5.01362,3.26017,94,28.0,1.667
483.005,5.01636,3.01792,94,28.0,1.667
484.005,5.01396,2.77676,94,28.0,1.667
485.005,5.00651,2.53692,94,28.0,1.667
486.005,5.00537,3.45428,95,28.0,1.667
487.005,5.01338,3.26210,95,28.0,1.667
488.005,5.01617,3.01985,95,28.0,1.667
489.005,5.01382,2.77869,95,28.0,1.667
490.005,5.00641,2.53885,95,28.0,1.667
491.005,5.00531,3.45620,94,28.0,1.667
492.005,5.01310,3.25134,94,28.0,1.667
493.005,5.01567,3.00916,94,28.0,1.667
494.005,5.01309,2.76808,94,28.0,1.667
495.005,5.00547,2.52833,94,28.0,1.667
496.005,5.00416,3.44578,95,28.0,1.667
497.005,5.01201,3.25369,95,28.0,1.667
498.005,5.01464,3.01154,95,28.0,1.667
499.005,5.01213,2.77050,95,28.0,1.667
500.005,5.00457,2.53077,95,28.0,1.667
501.005,5.00333,3.44825,95,28.0,1.667
502.005,5.01123,3.25618,95,28.0,1.667
503.005,5.01393,3.01406,95,28.0,1.667
504.005,5.01148,2.77304,95,28.0,1.667
505.005,5.00398,2.53333,95,28.0,1.667
506.005,5.00280,3.45082,95,28.0,1.667
507.005,5.01077,3.25876,95,28.0,1.667
508.005,5.01353,3.01665,95,28.0,1.667
509.005,5.01114,2.77563,95,28.0,1.667
510.005,5.00370,2.53592,95,28.0,1.667
511.005,5.00258,3.45341,95,28.0,1.667
512.005,5.01060,3.26136,95,28.0,1.667
513.005,5.01341,3.01924,95,28.0,1.667
514.005,5.01108,2.77821,95,28.0,1.667
515.005,5.00370,2.53849,95,28.0,1.667
516.005,5.00263,3.45597,95,28.0,1.667
517.005,5.01071,3.26390,95,28.0,1.667
518.005,5.01357,3.02176,95,28.0,1.667
519.005,5.01129,2.78071,95,28.0,1.667
520.005,5.00396,2.54097,95,28.0,1.667
521.005,5.00294,3.45843,94,28.0,1.667
522.005,5.01081,3.25366,94,28.0,1.667
523.005,5.01345,3.01158,94,28.0,1.667
524.005,5.01096,2.77058,94,28.0,1.667
525.005,5.00342,2.53091,94,28.0,1.667
526.005,5.00219,3.44844,95,28.0,1.667
527.005,5.01012,3.25642,95,28.0,1.667
528.005,5.01283,3.01435,95,28.0,1.667
529.005,5.01041,2.77337,95,28.0,1.667
530.005,5.00293,2.53371,95,28.0,1.667
531.005,5.00177,3.45125,95,28.0,1.667
532.005,5.00976,3.25924,95,28.0,1.667
533.005,5.01254,3.01717,95,28.0,1.667
534.005,5.01018,2.77619,95,28.0,1.667
535.005,5.00276,2.53652,95,28.0,1.667
536.005,5.00166,3.45405,95,28.0,1.667
537.005,5.00972,3.26203,95,28.0,1.667
538.005,5.01255,3.01995,95,28.0,1.667
539.005,5.01025,2.77896,95,28.0,1.667
540.005,5.00289,2.53928,95,28.0,1.667
541.005,5.00185,3.45679,95,28.0,1.667
542.005,5.00996,3.26474,95,28.0,1.667
543.005,5.01285,3.02264,95,28.0,1.667
544.005,5.01060,2.78162,95,28.0,1.667
545.005,5.00329,2.54191,95,28.0,1.667
546.005,5.00230,3.45939,95,28.0,1.667
547.005,5.01046,3.26731,95,28.0,1.667
548.005,5.01339,3.02517,95,28.0,1.667
549.005,5.01119,2.78411,95,28.0,1.667
550.005,5.00393,2.54436,95,28.0,1.667
551.005,5.00298,3.46180,94,28.0,1.667
552.005,5.01092,3.25702,94,28.0,1.667
553.005,5.01363,3.01491,94,28.0,1.667
554.005,5.01121,2.77389,94,28.0,1.667
555.005,5.00373,2.53419,94,28.0,1.667
556.005,5.00257,3.45168,95,28.0,1.667
557.005,5.01056,3.25964,95,28.0,1.667
558.005,5.01334,3.01753,95,28.0,1.667
559.005,5.01097,2.77651,95,28.0,1.667
560.005,5.00355,2.53681,95,28.0,1.667
561.005,5.00245,3.45430,94,28.0,1.667
562.005,5.01024,3.24958,94,28.0,1.667
563.005,5.01280,3.00754,94,28.0,1.667
564.005,5.01023,2.76659,94,28.0,1.667
565.005,5.00262,2.52697,94,28.0,1.667
566.005,5.00132,3.44456,94,28.0,1.667
567.005,5.00892,3.23994,94,28.0,1.667
568.005,5.01130,2.99800,94,28.0,1.667
569.005,5.00855,2.75717,94,28.0,1.667
570.005,5.00075,2.51768,94,28.0,1.667
571.005,4.99928,3.43539,95,28.0,1.667
572.005,5.00697,3.24357,95,28.0,1.667
573.005,5.00946,3.00171,95,28.0,1.667
574.005,5.00681,2.76094,95,28.0,1.667
575.005,4.99912,2.52151,95,28.0,1.667
576.005,4.99775,3.43928,95,28.0,1.667
577.005,5.00554,3.24751,95,28.0,1.667
578.005,5.00813,3.00569,95,28.0,1.667
579.005,5.00558,2.76496,95,28.0,1.667
580.005,4.99799,2.52556,95,28.0,1.667
581.005,4.99672,3.44336,95,28.0,1.667
582.005,5.00461,3.25162,95,28.0,1.667
583.005,5.00730,3.00982,95,28.0,1.667
584.005,5.00485,2.76911,95,28.0,1.667
585.005,4.99736,2.52972,95,28.0,1.667
586.005,4.99619,3.44753,95,28.0,1.667
587.005,5.00417,3.25579,95,28.0,1.667
588.005,5.00695,3.01399,95,28.0,1.667
589.005,5.00459,2.77328,95,28.0,1.667
590.005,4.99719,2.53388,95,28.0,1.667
591.005,4.99611,3.45167,95,28.0,1.667
592.005,5.00419,3.25992,95,28.0,1.667
593.005,5.00705,3.01809,95,28.0,1.667
594.005,5.00478,2.77736,95,28.0,1.667
595.005,4.99746,2.53793,95,28.0,1.667
596.005,4.99646,3.45569,95,28.0,1.667
597.005,5.00462,3.26390,95,28.0,1.667
598.005,5.00756,3.02204,95,28.0,1.667
599.005,5.00537,2.78126,95,28.0,1.667
600.005,4.99812,2.54178,95,28.0,1.667
601.005,4.99720,3.45949,94,28.0,1.667
602.005,5.00516,3.25498,94,28.0,1.667
603.005,5.00791,3.01314,94,28.0,1.667
604.005,5.00552,2.77239,94,28.0,1.667
605.005,4.99809,2.53295,94,28.0,1.667
606.005,4.99698,3.45071,95,28.0,1.667
607.005,5.00502,3.25892,95,28.0,1.667
608.005,5.00786,3.01707,95,28.0,1.667
609.005,5.00555,2.77630,95,28.0,1.667
610.005,4.99820,2.53684,95,28.0,1.667
611.005,4.99717,3.45457,95,28.0,1.667
612.005,5.00529,3.26276,95,28.0,1.667
613.005,5.00820,3.02087,95,28.0,1.667
614.005,5.00597,2.78007,95,28.0,1.667
615.005,4.99870,2.54057,95,28.0,1.667
616.005,4.99774,3.45826,95,28.0,1.667
617.005,5.00593,3.26640,95,28.0,1.667
618.005,5.00891,3.02447,95,28.0,1.667
619.005,5.00675,2.78362,95,28.0,1.667
620.005,4.99953,2.54407,95,28.0,1.667
621.005,4.99864,3.46170,95,28.0,1.667
622.005,5.00689,3.26978,95,28.0,1.667
623.005,5.00993,3.02779,95,28.0,1.667
624.005,5.00782,2.78688,95,28.0,1.667
625.005,5.00067,2.54726,95,28.0,1.667
626.005,4.99982,3.46483,94,28.0,1.667
627.005,5.00787,3.26018,94,28.0,1.667
628.005,5.01069,3.01819,94,28.0,1.667
629.005,5.00837,2.77729,94,28.0,1.667
630.005,5.00100,2.53770,94,28.0,1.667
631.005,4.99995,3.45530,95,28.0,1.667
632.005,5.00805,3.26335,95,28.0,1.667
633.005,5.01094,3.02134,95,28.0,1.667
634.005,5.00869,2.78041,95,28.0,1.667
635.005,5.00138,2.54079,95,28.0,1.667
636.005,5.00039,3.45836,95,28.0,1.667
637.005,5.00855,3.26638,95,28.0,1.667
638.005,5.01150,3.02433,95,28.0,1.667
639.005,5.00930,2.78336,95,28.0,1.667
640.005,5.00204,2.54370,95,28.0,1.667
641.005,5.00111,3.46122,94,28.0,1.667
642.005,5.00906,3.25653,94,28.0,1.667
643.005,5.01179,3.01450,94,28.0,1.667
644.005,5.00938,2.77357,94,28.0,1.667
645.005,5.00192,2.53395,94,28.0,1.667
646.005,5.00078,3.45153,95,28.0,1.667
647.005,5.00879,3.25957,95,28.0,1.667
648.005,5.01159,3.01754,95,28.0,1.667
649.005,5.00924,2.77660,95,28.0,1.667
650.005,5.00185,2.53697,95,28.0,1.667
651.005,5.00077,3.45454,95,28.0,1.667
652.005,5.00885,3.26256,95,28.0,1.667
653.005,5.01171,3.02052,95,28.0,1.667
654.005,5.00943,2.77956,95,28.0,1.667
655.005,5.00209,2.53991,95,28.0,1.667
656.005,5.00107,3.45745,94,28.0,1.667
657.005,5.00895,3.25278,94,28.0,1.667
658.005,5.01160,3.01078,94,28.0,1.667
659.005,5.00911,2.76987,94,28.0,1.667
660.005,5.00158,2.53029,94,28.0,1.667
661.005,5.00036,3.44790,95,28.0,1.667
662.005,5.00830,3.25597,95,28.0,1.667
663.005,5.01103,3.01398,95,28.0,1.667
664.005,5.00862,2.77309,95,28.0,1.667
665.005,5.00116,2.53351,95,28.0,1.667
666.005,5.00002,3.45112,95,28.0,1.667
667.005,5.00803,3.25919,95,28.0,1.667
668.005,5.01083,3.01720,95,28.0,1.667
669.005,5.00849,2.77630,95,28.0,1.667
670.005,5.00110,2.53671,95,28.0,1.667
671.005,5.00003,3.45431,95,28.0,1.667
672.005,5.00811,3.26237,95,28.0,1.667
673.005,5.01098,3.02036,95,28.0,1.667
674.005,5.00870,2.77943,95,28.0,1.667
675.005,5.00137,2.53981,95,28.0,1.667
676.005,5.00036,3.45739,95,28.0,1.667
677.005,5.00850,3.26541,95,28.0,1.667
678.005,5.01143,3.02337,95,28.0,1.667
679.005,5.00921,2.78241,95,28.0,1.667
680.005,5.00194,2.54276,95,28.0,1.667
681.005,5.00098,3.46029,94,28.0,1.667
682.005,5.00891,3.25561,94,28.0,1.667
683.005,5.01163,3.01359,94,28.0,1.667
684.005,5.00920,2.77267,94,28.0,1.667
685.005,5.00172,2.53307,94,28.0,1.667
686.005,5.00057,3.45066,95,28.0,1.667
687.005,5.00856,3.25871,95,28.0,1.667
688.005,5.01135,3.01670,95,28.0,1.667
689.005,5.00899,2.77577,95,28.0,1.667
690.005,5.00158,2.53616,95,28.0,1.667
691.005,5.00049,3.45375,95,28.0,1.667
692.005,5.00855,3.26178,95,28.0,1.667
693.005,5.01140,3.01976,95,28.0,1.667
694.005,5.00910,2.77882,95,28.0,1.667
695.005,5.00176,2.53918,95,28.0,1.667
696.005,5.00073,3.45675,95,28.0,1.667
697.005,5.00885,3.26476,95,28.0,1.667
698.005,5.01176,3.02270,95,28.0,1.667
699.005,5.00952,2.78173,95,28.0,1.667
700.005,5.00223,2.54206,95,28.0,1.667
701.005,5.00126,3.45959,94,28.0,1.667
702.005,5.00917,3.25489,94,28.0,1.667
703.005,5.01187,3.01287,94,28.0,1.667
704.005,5.00942,2.77195,94,28.0,1.667
705.005,5.00193,2.53233,94,28.0,1.667
706.005,5.00075,3.44992,95,28.0,1.667
707.005,5.00873,3.25797,95,28.0,1.667
708.005,5.01149,3.01595,95,28.0,1.667
709.005,5.00912,2.77502,95,28.0,1.667
710.005,5.00169,2.53541,95,28.0,1.667
711.005,5.00059,3.45299,95,28.0,1.667
712.005,5.00863,3.26103,95,28.0,1.667
713.005,5.01146,3.01900,95,28.0,1.667
714.005,5.00915,2.77806,95,28.0,1.667
715.005,5.00179,2.53843,95,28.0,1.667
716.005,5.00074,3.45600,95,28.0,1.667
717.005,5.00885,3.26401,95,28.0,1.667
718.005,5.01174,3.02196,95,28.0,1.667
719.005,5.00949,2.78099,95,28.0,1.667
720.005,5.00218,2.54133,95,28.0,1.667
721.005,5.00119,3.45886,94,28.0,1.667
722.005,5.00909,3.25417,94,28.0,1.667
723.005,5.01177,3.01216,94,28.0,1.667
724.005,5.00931,2.77124,94,28.0,1.667
725.005,5.00181,2.53164,94,28.0,1.667
726.005,5.00062,3.44924,95,28.0,1.667
727.005,5.00858,3.25729,95,28.0,1.667
728.005,5.01134,3.01528,95,28.0,1.667
729.005,5.00895,2.77437,95,28.0,1.667
730.005,5.00151,2.53476,95,28.0,1.667
731.005,5.00039,3.45236,95,28.0,1.667
732.005,5.00843,3.26041,95,28.0,1.667
733.005,5.01125,3.01839,95,28.0,1.667
734.005,5.00892,2.77746,95,28.0,1.667
735.005,5.00155,2.53785,95,28.0,1.667
736.005,5.00050,3.45543,95,28.0,1.667
737.005,5.00860,3.26345,95,28.0,1.667
738.005,5.01148,3.02142,95,28.0,1.667
739.005,5.00922,2.78046,95,28.0,1.667
740.005,5.00191,2.54082,95,28.0,1.667
741.005,5.00091,3.45836,94,28.0,1.667
742.005,5.00880,3.25369,94,28.0,1.667
743.005,5.01148,3.01169,94,28.0,1.667
744.005,5.00901,2.77079,94,28.0,1.667
745.005,5.00150,2.53120,94,28.0,1.667
746.005,5.00031,3.44882,95,28.0,1.667
747.005,5.00826,3.25688,95,28.0,1.667
748.005,5.01101,3.01490,95,28.0,1.667
749.005,5.00862,2.77399,95,28.0,1.667
750.005,5.00118,2.53441,95,28.0,1.667
751.005,5.00006,3.45202,95,28.0,1.667
752.005,5.00809,3.26008,95,28.0,1.667
753.005,5.01091,3.01809,95,28.0,1.667
754.005,5.00858,2.77718,95,28.0,1.667
755.005,5.00121,2.53758,95,28.0,1.667
756.005,5.00016,3.45517,95,28.0,1.667
757.005,5.00825,3.26321,95,28.0,1.667
758.005,5.01113,3.02119,95,28.0,1.667
759.005,5.00887,2.78026,95,28.0,1.667
760.005,5.00156,2.54063,95,28.0,1.667
761.005,5.00057,3.45819,95,28.0,1.667
762.005,5.00872,3.26620,95,28.0,1.667
763.005,5.01166,3.02415,95,28.0,1.667
764.005,5.00945,2.78317,95,28.0,1.667
765.005,5.00220,2.54350,95,28.0,1.667
766.005,5.00125,3.46102,94,28.0,1.667
767.005,5.00920,3.25632,94,28.0,1.667
768.005,5.01192,3.01429,94,28.0,1.667
769.005,5.00950,2.77335,94,28.0,1.667
770.005,5.00204,2.53373,94,28.0,1.667
771.005,5.00089,3.45131,95,28.0,1.667
772.005,5.00890,3.25934,95,28.0,1.667
773.005,5.01169,3.01731,95,28.0,1.667
774.005,5.00934,2.77637,95,28.0,1.667
775.005,5.00194,2.53674,95,28.0,1.667
776.005,5.00086,3.45430,95,28.0,1.667
777.005,5.00892,3.26232,95,28.0,1.667
778.005,5.01178,3.02027,95,28.0,1.667
779.005,5.00949,2.77931,95,28.0,1.667
780.005,5.00215,2.53966,95,28.0,1.667
781.005,5.00113,3.45720,95,28.0,1.667
782.005,5.00925,3.26519,95,28.0,1.667
783.005,5.01216,3.02312,95,28.0,1.667
784.005,5.00993,2.78212,95,28.0,1.667
785.005,5.00264,2.54244,95,28.0,1.667
786.005,5.00167,3.45994,94,28.0,1.667
787.005,5.00959,3.25523,94,28.0,1.667
788.005,5.01228,3.01319,94,28.0,1.667
789.005,5.00984,2.77224,94,28.0,1.667
790.005,5.00234,2.53261,94,28.0,1.667
791.005,5.00117,3.45018,94,28.0,1.667
792.005,5.00889,3.24553,94,28.0,1.667
793.005,5.01139,3.00357,94,28.0,1.667
794.005,5.00875,2.76271,94,28.0,1.667
795.005,5.00107,2.52318,94,28.0,1.667
796.005,4.99972,3.44085,95,28.0,1.667
797.005,5.00751,3.24899,95,28.0,1.667
798.005,5.01011,3.00707,95,28.0,1.667
799.005,5.00756,2.76625,95,28.0,1.667
800.005,4.99997,2.52675,95,28.0,1.667
801.005,4.99870,3.44446,95,28.0,1.667
802.005,5.00659,3.25262,95,28.0,1.667
803.005,5.00927,3.01073,95,28.0,1.667
804.005,5.00682,2.76992,95,28.0,1.667
805.005,4.99931,2.53044,95,28.0,1.667
806.005,4.99813,3.44816,95,28.0,1.667
807.005,5.00611,3.25633,95,28.0,1.667
808.005,5.00887,3.01444,95,28.0,1.667
809.005,5.00650,2.77364,95,28.0,1.667
810.005,4.99908,2.53415,95,28.0,1.667
811.005,4.99798,3.45186,95,28.0,1.667
812.005,5.00603,3.26001,95,28.0,1.667
813.005,5.00888,3.01811,95,28.0,1.667
814.005,5.00658,2.77729,95,28.0,1.667
815.005,4.99924,2.53778,95,28.0,1.667
816.005,4.99821,3.45546,95,28.0,1.667
817.005,5.00634,3.26359,95,28.0,1.667
818.005,5.00926,3.02166,95,28.0,1.667
819.005,5.00703,2.78080,95,28.0,1.667
820.005,4.99975,2.54125,95,28.0,1.667
821.005,4.99880,3.45890,95,28.0,1.667
822.005,5.00699,3.26698,95,28.0,1.667
823.005,5.00996,3.02500,95,28.0,1.667
824.005,5.00780,2.78410,95,28.0,1.667
825.005,5.00058,2.54450,95,28.0,1.667
826.005,4.99968,3.46208,94,28.0,1.667
827.005,5.00767,3.25745,94,28.0,1.667
828.005,5.01044,3.01548,94,28.0,1.667
829.005,5.00807,2.77461,94,28.0,1.667
830.005,5.00065,2.53504,94,28.0,1.667
831.005,4.99955,3.45268,95,28.0,1.667
832.005,5.00760,3.26076,95,28.0,1.667
833.005,5.01043,3.01878,95,28.0,1.667
834.005,5.00813,2.77789,95,28.0,1.667
835.005,5.00078,2.53830,95,28.0,1.667
836.005,4.99975,3.45591,95,28.0,1.667
837.005,5.00786,3.26397,95,28.0,1.667
838.005,5.01077,3.02197,95,28.0,1.667
839.005,5.00853,2.78104,95,28.0,1.667
840.005,5.00124,2.54143,95,28.0,1.667
841.005,5.00026,3.45900,95,28.0,1.667
842.005,5.00844,3.26702,95,28.0,1.667
843.005,5.01140,3.02497,95,28.0,1.667
844.005,5.00921,2.78400,95,28.0,1.667
845.005,5.00197,2.54434,95,28.0,1.667
846.005,5.00105,3.46187,94,28.0,1.667
847.005,5.00902,3.25717,94,28.0,1.667
848.005,5.01176,3.01515,94,28.0,1.667
849.005,5.00937,2.77421,94,28.0,1.667
850.005,5.00192,2.53459,94,28.0,1.667
851.005,5.00079,3.45217,95,28.0,1.667
852.005,5.00882,3.26020,95,28.0,1.667
853.005,5.01163,3.01817,95,28.0,1.667
854.005,5.00930,2.77722,95,28.0,1.667
855.005,5.00191,2.53759,95,28.0,1.667
856.005,5.00085,3.45515,94,28.0,1.667
857.005,5.00868,3.25050,94,28.0,1.667
858.005,5.01128,3.00853,94,28.0,1.667
859.005,5.00876,2.76764,94,28.0,1.667
860.005,5.00118,2.52808,94,28.0,1.667
861.005,4.99992,3.44573,95,28.0,1.667
862.005,5.00782,3.25383,95,28.0,1.667
863.005,5.01051,3.01188,95,28.0,1.667
864.005,5.00806,2.77101,95,28.0,1.667
865.005,5.00057,2.53147,95,28.0,1.667
866.005,4.99939,3.44912,95,28.0,1.667
867.005,5.00737,3.25723,95,28.0,1.667
868.005,5.01014,3.01528,95,28.0,1.667
869.005,5.00777,2.77442,95,28.0,1.667
870.005,5.00035,2.53487,95,28.0,1.667
871.005,4.99925,3.45252,95,28.0,1.667
872.005,5.00730,3.26061,95,28.0,1.667
873.005,5.01014,3.01865,95,28.0,1.667
874.005,5.00784,2.77777,95,28.0,1.667
875.005,5.00048,2.53820,95,28.0,1.667
876.005,4.99945,3.45582,95,28.0,1.667
877.005,5.00757,3.26390,95,28.0,1.667
878.005,5.01048,3.02190,95,28.0,1.667
879.005,5.00824,2.78099,95,28.0,1.667
880.005,5.00095,2.54139,95,28.0,1.667
881.005,4.99998,3.45898,95,28.0,1.667
882.005,5.00816,3.26701,95,28.0,1.667
883.005,5.01112,3.02497,95,28.0,1.667
884.005,5.00894,2.78402,95,28.0,1.667
885.005,5.00171,2.54437,95,28.0,1.667
886.005,5.00079,3.46191,95,28.0,1.667
887.005,5.00902,3.26989,95,28.0,1.667
888.005,5.01203,3.02780,95,28.0,1.667
889.005,5.00990,2.78679,95,28.0,1.667
890.005,5.00271,2.54708,95,28.0,1.667
891.005,5.00184,3.46456,94,28.0,1.667
892.005,5.00985,3.25982,94,28.0,1.667
893.005,5.01264,3.01774,94,28.0,1.667
894.005,5.01028,2.77675,94,28.0,1.667
895.005,5.00288,2.53708,94,28.0,1.667
896.005,5.00179,3.45460,94,28.0,1.667
897.005,5.00959,3.24991,94,28.0,1.667
898.005,5.01218,3.00789,94,28.0,1.667
899.005,5.00962,2.76698,94,28.0,1.667
900.005,5.00202,2.52738,94,28.0,1.667
901.005,5.00074,3.44499,94,28.0,1.667
902.005,5.00835,3.24039,94,28.0,1.667
903.005,5.01075,2.99848,94,28.0,1.667
904.005,5.00802,2.75767,94,28.0,1.667
905.005,5.00024,2.51820,94,28.0,1.667
906.005,4.99879,3.43593,95,28.0,1.667
907.005,5.00650,3.24414,95,28.0,1.667
908.005,5.00900,3.00229,95,28.0,1.667
909.005,5.00637,2.76154,95,28.0,1.667
910.005,4.99869,2.52212,95,28.0,1.667
911.005,4.99735,3.43991,95,28.0,1.667
912.005,5.00516,3.24815,95,28.0,1.667
913.005,5.00776,3.00635,95,28.0,1.667
914.005,5.00523,2.76564,95,28.0,1.667
915.005,4.99766,2.52625,95,28.0,1.667
916.005,4.99642,3.44406,95,28.0,1.667
917.005,5.00432,3.25233,95,28.0,1.667
918.005,5.00703,3.01054,95,28.0,1.667
919.005,5.00460,2.76984,95,28.0,1.667
920.005,4.99712,2.53045,95,28.0,1.667
921.005,4.99597,3.44827,95,28.0,1.667
922.005,5.00398,3.25654,95,28.0,1.667
923.005,5.00677,3.01474,95,28.0,1.667
924.005,5.00443,2.77403,95,28.0,1.667
925.005,4.99705,2.53464,95,28.0,1.667
926.005,4.99599,3.45243,95,28.0,1.667
927.005,5.00408,3.26068,95,28.0,1.667
928.005,5.00696,3.01886,95,28.0,1.667
929.005,5.00471,2.77812,95,28.0,1.667
930.005,4.99741,2.53869,95,28.0,1.667
931.005,4.99643,3.45645,95,28.0,1.667
932.005,5.00460,3.26466,95,28.0,1.667
933.005,5.00756,3.02279,95,28.0,1.667
934.005,5.00538,2.78201,95,28.0,1.667
935.005,4.99815,2.54253,95,28.0,1.667
936.005,4.99724,3.46024,94,28.0,1.667
937.005,5.00522,3.25572,94,28.0,1.667
938.005,5.00798,3.01388,94,28.0,1.667
939.005,5.00561,2.77312,94,28.0,1.667
940.005,4.99819,2.53367,94,28.0,1.667
941.005,4.99709,3.45142,95,28.0,1.667
942.005,5.00515,3.25962,95,28.0,1.667
943.005,5.00800,3.01776,95,28.0,1.667
944.005,5.00570,2.77698,95,28.0,1.667
945.005,4.99837,2.53751,95,28.0,1.667
946.005,4.99735,3.45524,95,28.0,1.667
947.005,5.00548,3.26340,95,28.0,1.667
948.005,5.00840,3.02151,95,28.0,1.667
949.005,5.00619,2.78069,95,28.0,1.667
950.005,4.99892,2.54118,95,28.0,1.667
951.005,4.99797,3.45886,95,28.0,1.667
952.005,5.00617,3.26699,95,28.0,1.667
953.005,5.00916,3.02504,95,28.0,1.667
954.005,5.00701,2.78417,95,28.0,1.667
955.005,4.99980,2.54461,95,28.0,1.667
956.005,4.99892,3.46223,95,28.0,1.667
957.005,5.00718,3.27030,95,28.0,1.667
958.005,5.01022,3.02829,95,28.0,1.667
959.005,5.00812,2.78736,95,28.0,1.667
960.005,5.00097,2.54773,95,28.0,1.667
961.005,5.00013,3.46528,94,28.0,1.667
962.005,5.00818,3.26061,94,28.0,1.667
963.005,5.01101,3.01861,94,28.0,1.667
964.005,5.00870,2.77769,94,28.0,1.667
965.005,5.00133,2.53808,94,28.0,1.667
966.005,5.00029,3.45567,95,28.0,1.667
967.005,5.00839,3.26370,95,28.0,1.667
968.005,5.01128,3.02167,95,28.0,1.667
969.005,5.00903,2.78073,95,28.0,1.667
970.005,5.00172,2.54109,95,28.0,1.667
971.005,5.00074,3.45864,95,28.0,1.667
972.005,5.00890,3.26664,95,28.0,1.667
973.005,5.01184,3.02458,95,28.0,1.667
974.005,5.00965,2.78359,95,28.0,1.667
975.005,5.00239,2.54391,95,28.0,1.667
976.005,5.00146,3.46142,94,28.0,1.667
977.005,5.00941,3.25671,94,28.0,1.667
978.005,5.01214,3.01467,94,28.0,1.667
979.005,5.00972,2.77372,94,28.0,1.667
980.005,5.00226,2.53409,94,28.0,1.667
981.005,5.00112,3.45165,95,28.0,1.667
982.005,5.00913,3.25967,95,28.0,1.667
983.005,5.01193,3.01763,95,28.0,1.667
984.005,5.00958,2.77667,95,28.0,1.667
985.005,5.00218,2.53703,95,28.0,1.667
986.005,5.00110,3.45458,95,28.0,1.667
987.005,5.00917,3.26259,95,28.0,1.667
988.005,5.01203,3.02053,95,28.0,1.667
989.005,5.00974,2.77955,95,28.0,1.667
990.005,5.00241,2.53989,95,28.0,1.667
991.005,5.00138,3.45742,95,28.0,1.667
992.005,5.00951,3.26540,95,28.0,1.667
993.005,5.01242,3.02331,95,28.0,1.667
994.005,5.01019,2.78230,95,28.0,1.667
995.005,5.00290,2.54260,95,28.0,1.667
996.005,5.00193,3.46010,95,28.0,1.667
997.005,5.01011,3.26804,95,28.0,1.667
998.005,5.01307,3.02591,95,28.0,1.667
999.005,5.01088,2.78486,95,28.0,1.667
1000.005,5.00364,2.54512,95,28.0,1.667
1001.005,5.00271,3.46257,95,28.0,1.667
1002.005,5.01093,3.27046,95,28.0,1.667
1003.005,5.01393,3.02828,95,28.0,1.667
1004.005,5.01178,2.78718,95,28.0,1.667
1005.005,5.00458,2.54739,95,28.0,1.667
1006.005,5.00369,3.46478,94,28.0,1.667
1007.005,5.01168,3.25995,94,28.0,1.667
1008.005,5.01444,3.01779,94,28.0,1.667
1009.005,5.01207,2.77672,94,28.0,1.667
1010.005,5.00464,2.53697,94,28.0,1.667
1011.005,5.00353,3.45441,94,28.0,1.667
1012.005,5.01130,3.24964,94,28.0,1.667
1013.005,5.01386,3.00755,94,28.0,1.667
1014.005,5.01127,2.76656,94,28.0,1.667
1015.005,5.00364,2.52689,94,28.0,1.667
1016.005,5.00233,3.44443,95,28.0,1.667
1017.005,5.01017,3.25243,95,28.0,1.667
1018.005,5.01280,3.01038,95,28.0,1.667
1019.005,5.01029,2.76942,95,28.0,1.667
1020.005,5.00273,2.52978,95,28.0,1.667
1021.005,5.00149,3.44735,94,28.0,1.667
1022.005,5.00914,3.24270,94,28.0,1.667
1023.005,5.01158,3.00075,94,28.0,1.667
1024.005,5.00888,2.75989,94,28.0,1.667
1025.005,5.00114,2.52036,94,28.0,1.667
1026.005,4.99972,3.43805,95,28.0,1.667
1027.005,5.00746,3.24620,95,28.0,1.667
1028.005,5.01000,3.00430,95,28.0,1.667
1029.005,5.00740,2.76350,95,28.0,1.667
1030.005,4.99975,2.52402,95,28.0,1.667
1031.005,4.99843,3.44175,95,28.0,1.667
1032.005,5.00626,3.24994,95,28.0,1.667
1033.005,5.00889,3.00807,95,28.0,1.667
1034.005,5.00638,2.76730,95,28.0,1.667
1035.005,4.99883,2.52785,95,28.0,1.667
1036.005,4.99760,3.44560,95,28.0,1.667
1037.005,5.00553,3.25381,95,28.0,1.667
1038.005,5.00825,3.01196,95,28.0,1.667
1039.005,5.00583,2.77120,95,28.0,1.667
1040.005,4.99837,2.53175,95,28.0,1.667
1041.005,4.99723,3.44950,95,28.0,1.667
1042.005,5.00524,3.25771,95,28.0,1.667
1043.005,5.00805,3.01585,95,28.0,1.667
1044.005,5.00572,2.77508,95,28.0,1.667
1045.005,4.99834,2.53562,95,28.0,1.667
1046.005,4.99728,3.45335,95,28.0,1.667
1047.005,5.00537,3.26153,95,28.0,1.667
1048.005,5.00826,3.01965,95,28.0,1.667
1049.005,5.00600,2.77885,95,28.0,1.667
1050.005,4.99870,2.53936,95,28.0,1.667
1051.005,4.99772,3.45706,95,28.0,1.667
1052.005,5.00588,3.26520,95,28.0,1.667
1053.005,5.00884,3.02328,95,28.0,1.667
1054.005,5.00665,2.78244,95,28.0,1.667
1055.005,4.99941,2.54290,95,28.0,1.667
1056.005,4.99850,3.46055,95,28.0,1.667
1057.005,5.00673,3.26864,95,28.0,1.667
1058.005,5.00974,3.02666,95,28.0,1.667
1059.005,5.00762,2.78576,95,28.0,1.667
1060.005,5.00044,2.54616,95,28.0,1.667
1061.005,4.99957,3.46374,94,28.0,1.667
1062.005,5.00760,3.25911,94,28.0,1.667
1063.005,5.01040,3.01714,94,28.0,1.667
1064.005,5.00806,2.77625,94,28.0,1.667
1065.005,5.00068,2.53668,94,28.0,1.667
1066.005,4.99961,3.45430,95,28.0,1.667
1067.005,5.00770,3.26238,95,28.0,1.667
1068.005,5.01057,3.02038,95,28.0,1.667
1069.005,5.00830,2.77948,95,28.0,1.667
1070.005,5.00098,2.53988,95,28.0,1.667
1071.005,4.99997,3.45747,95,28.0,1.667
1072.005,5.00812,3.26551,95,28.0,1.667
1073.005,5.01105,3.02349,95,28.0,1.667
1074.005,5.00884,2.78254,95,28.0,1.667
1075.005,5.00158,2.54290,95,28.0,1.667
1076.005,5.00063,3.46045,95,28.0,1.667
1077.005,5.00883,3.26845,95,28.0,1.667
1078.005,5.01182,3.02638,95,28.0,1.667
1079.005,5.00966,2.78538,95,28.0,1.667
1080.005,5.00244,2.54569,95,28.0,1.667
1081.005,5.00154,3.46319,94,28.0,1.667
1082.005,5.00953,3.25847,94,28.0,1.667
1083.005,5.01229,3.01641,94,28.0,1.667
1084.005,5.00992,2.77545,94,28.0,1.667
1085.005,5.00249,2.53580,94,28.0,1.667
1086.005,5.00138,3.45334,95,28.0,1.667
1087.005,5.00942,3.26134,95,28.0,1.667
1088.005,5.01225,3.01928,95,28.0,1.667
1089.005,5.00993,2.77830,95,28.0,1.667
1090.005,5.00256,2.53863,95,28.0,1.667
1091.005,5.00152,3.45616,95,28.0,1.667
1092.005,5.00961,3.26414,95,28.0,1.667
1093.005,5.01250,3.02205,95,28.0,1.667
1094.005,5.01024,2.78105,95,28.0,1.667
1095.005,5.00292,2.54136,95,28.0,1.667
1096.005,5.00193,3.45886,95,28.0,1.667
1097.005,5.01008,3.26680,95,28.0,1.667
1098.005,5.01301,3.02468,95,28.0,1.667
1099.005,5.01080,2.78364,95,28.0,1.667
1100.005,5.00353,2.54391,95,28.0,1.667
1101.005,5.00258,3.46137,94,28.0,1.667
1102.005,5.01051,3.25660,94,28.0,1.667
1103.005,5.01323,3.01452,94,28.0,1.667
1104.005,5.01080,2.77352,94,28.0,1.667
1105.005,5.00332,2.53384,94,28.0,1.667
1106.005,5.00216,3.45135,94,28.0,1.667
1107.005,5.00988,3.24666,94,28.0,1.667
1108.005,5.01240,3.00465,94,28.0,1.667
1109.005,5.00977,2.76374,94,28.0,1.667
1110.005,5.00210,2.52415,94,28.0,1.667
1111.005,5.00075,3.44178,94,28.0,1.667
1112.005,5.00829,3.23719,94,28.0,1.667
1113.005,5.01063,2.99530,94,28.0,1.667
1114.005,5.00783,2.75452,94,28.0,1.667
1115.005,4.99998,2.51506,94,28.0,1.667
1116.005,4.99847,3.43283,95,28.0,1.667
1117.005,5.00612,3.24106,95,28.0,1.667
1118.005,5.00856,2.99925,95,28.0,1.667
1119.005,5.00587,2.75853,95,28.0,1.667
1120.005,4.99814,2.51915,95,28.0,1.667
1121.005,4.99674,3.43698,95,28.0,1.667
1122.005,5.00449,3.24526,95,28.0,1.667
1123.005,5.00705,3.00350,95,28.0,1.667
1124.005,5.00447,2.76284,95,28.0,1.667
1125.005,4.99685,2.52350,95,28.0,1.667
1126.005,4.99555,3.44136,95,28.0,1.667
1127.005,5.00342,3.24968,95,28.0,1.667
1128.005,5.00608,3.00794,95,28.0,1.667
1129.005,5.00360,2.76730,95,28.0,1.667
1130.005,4.99609,2.52798,95,28.0,1.667
1131.005,4.99490,3.44585,95,28.0,1.667
1132.005,5.00287,3.25418,95,28.0,1.667
1133.005,5.00563,3.01244,95,28.0,1.667
1134.005,5.00326,2.77180,95,28.0,1.667
1135.005,4.99584,2.53247,95,28.0,1.667
1136.005,4.99475,3.45033,95,28.0,1.667
1137.005,5.00281,3.25864,95,28.0,1.667
1138.005,5.00567,3.01689,95,28.0,1.667
1139.005,5.00339,2.77622,95,28.0,1.667
1140.005,4.99606,2.53686,95,28.0,1.667
1141.005,4.99506,3.45469,94,28.0,1.667
1142.005,5.00295,3.25030,94,28.0,1.667
1143.005,5.00563,3.00858,94,28.0,1.667
1144.005,5.00318,2.76795,94,28.0,1.667
1145.005,4.99568,2.52864,94,28.0,1.667
1146.005,4.99451,3.44653,95,28.0,1.667
1147.005,5.00250,3.25487,95,28.0,1.667
1148.005,5.00528,3.01315,95,28.0,1.667
1149.005,5.00293,2.77252,95,28.0,1.667
1150.005,4.99553,2.53320,95,28.0,1.667
1151.005,4.99446,3.45107,95,28.0,1.667
1152.005,5.00254,3.25939,95,28.0,1.667
1153.005,5.00542,3.01765,95,28.0,1.667
1154.005,5.00316,2.77699,95,28.0,1.667
1155.005,4.99585,2.53763,95,28.0,1.667
1156.005,4.99487,3.45547,95,28.0,1.667
1157.005,5.00304,3.26375,95,28.0,1.667
1158.005,5.00600,3.02196,95,28.0,1.667
1159.005,5.00383,2.78125,95,28.0,1.667
1160.005,4.99660,2.54184,95,28.0,1.667
1161.005,4.99570,3.45963,94,28.0,1.667
1162.005,5.00369,3.25518,94,28.0,1.667
1163.005,5.00646,3.01341,94,28.0,1.667
1164.005,5.00410,2.77272,94,28.0,1.667
1165.005,4.99669,2.53334,94,28.0,1.667
1166.005,4.99560,3.45116,95,28.0,1.667
1167.005,5.00367,3.25943,95,28.0,1.667
1168.005,5.00654,3.01764,95,28.0,1.667
1169.005,5.00426,2.77692,95,28.0,1.667
1170.005,4.99694,2.53752,95,28.0,1.667
1171.005,4.99594,3.45531,95,28.0,1.667
1172.005,5.00409,3.26354,95,28.0,1.667
1173.005,5.00704,3.02171,95,28.0,1.667
1174.005,5.00484,2.78095,95,28.0,1.667
1175.005,4.99760,2.54150,95,28.0,1.667
1176.005,4.99667,3.45924,95,28.0,1.667
1177.005,5.00490,3.26742,95,28.0,1.667
1178.005,5.00792,3.02553,95,28.0,1.667
1179.005,5.00579,2.78471,95,28.0,1.667
1180.005,4.99861,2.54520,95,28.0,1.667
1181.005,4.99775,3.46288,94,28.0,1.667
1182.005,5.00578,3.25832,94,28.0,1.667
1183.005,5.00859,3.01644,94,28.0,1.667
1184.005,5.00627,2.77564,94,28.0,1.667
1185.005,4.99889,2.53615,94,28.0,1.667
1186.005,4.99784,3.45386,95,28.0,1.667
1187.005,5.00593,3.26201,95,28.0,1.667
1188.005,5.00882,3.02010,95,28.0,1.667
1189.005,5.00657,2.77928,95,28.0,1.667
1190.005,4.99927,2.53976,95,28.0,1.667
1191.005,4.99828,3.45743,95,28.0,1.667
1192.005,5.00645,3.26555,95,28.0,1.667
1193.005,5.00941,3.02359,95,28.0,1.667
1194.005,5.00722,2.78272,95,28.0,1.667
1195.005,4.99998,2.54316,95,28.0,1.667
1196.005,4.99906,3.46078,94,28.0,1.667
1197.005,5.00703,3.25618,94,28.0,1.667
1198.005,5.00978,3.01425,94,28.0,1.667
1199.005,5.00739,2.77341,94,28.0,1.667
1200.005,4.99995,2.53388,94,28.0,1.667
1201.005,4.99884,3.45155,95,28.0,1.667
1202.005,5.00687,3.25967,95,28.0,1.667
1203.005,5.00970,3.01773,95,28.0,1.667
1204.005,5.00738,2.77688,95,28.0,1.667
1205.005,5.00002,2.53733,95,28.0,1.667
1206.005,4.99897,3.45498,95,28.0,1.667
1207.005,5.00708,3.26308,95,28.0,1.667
1208.005,5.00998,3.02111,95,28.0,1.667
1209.005,5.00773,2.78023,95,28.0,1.667
1210.005,5.00043,2.54065,95,28.0,1.667
1211.005,4.99945,3.45827,95,28.0,1.667
1212.005,5.00762,3.26632,95,28.0,1.667
1213.005,5.01058,3.02432,95,28.0,1.667
1214.005,5.00839,2.78339,95,28.0,1.667
1215.005,5.00115,2.54377,95,28.0,1.667
1216.005,5.00023,3.46133,95,28.0,1.667
1217.005,5.00845,3.26934,95,28.0,1.667
1218.005,5.01146,3.02728,95,28.0,1.667
1219.005,5.00932,2.78630,95,28.0,1.667
1220.005,5.00213,2.54662,95,28.0,1.667
1221.005,5.00126,3.46413,94,28.0,1.667
1222.005,5.00927,3.25941,94,28.0,1.667
1223.005,5.01206,3.01737,94,28.0,1.667
1224.005,5.00970,2.77641,94,28.0,1.667
1225.005,5.00230,2.53676,94,28.0,1.667
1226.005,5.00121,3.45431,95,28.0,1.667
1227.005,5.00927,3.26231,95,28.0,1.667
1228.005,5.01212,3.02025,95,28.0,1.667
1229.005,5.00983,2.77927,95,28.0,1.667
1230.005,5.00249,2.53960,95,28.0,1.667
1231.005,5.00146,3.45713,95,28.0,1.667
1232.005,5.00958,3.26511,95,28.0,1.667
1233.005,5.01248,3.02302,95,28.0,1.667
1234.005,5.01024,2.78201,95,28.0,1.667
1235.005,5.00295,2.54231,95,28.0,1.667
1236.005,5.00197,3.45980,95,28.0,1.667
1237.005,5.01014,3.26774,95,28.0,1.667
1238.005,5.01309,3.02561,95,28.0,1.667
1239.005,5.01090,2.78457,95,28.0,1.667
1240.005,5.00365,2.54483,95,28.0,1.667
1241.005,5.00272,3.46227,95,28.0,1.667
1242.005,5.01093,3.27017,95,28.0,1.667
1243.005,5.01392,3.02799,95,28.0,1.667
1244.005,5.01177,2.78689,95,28.0,1.667
1245.005,5.00456,2.54710,95,28.0,1.667
1246.005,5.00366,3.46450,94,28.0,1.667
1247.005,5.01165,3.25967,94,28.0,1.667
1248.005,5.01441,3.01752,94,28.0,1.667
1249.005,5.01203,2.77645,94,28.0,1.667
1250.005,5.00459,2.53670,94,28.0,1.667
1251.005,5.00348,3.45414,95,28.0,1.667
1252.005,5.01151,3.26204,95,28.0,1.667
1253.005,5.01432,3.01988,95,28.0,1.667
1254.005,5.01199,2.77881,95,28.0,1.667
1255.005,5.00461,2.53905,95,28.0,1.667
1256.005,5.00354,3.45648,95,28.0,1.667
1257.005,5.01162,3.26437,95,28.0,1.667
1258.005,5.01448,3.02219,95,28.0,1.667
1259.005,5.01220,2.78110,95,28.0,1.667
1260.005,5.00486,2.54131,95,28.0,1.667
1261.005,5.00383,3.45873,95,28.0,1.667
1262.005,5.01196,3.26658,95,28.0,1.667
1263.005,5.01486,3.02438,95,28.0,1.667
1264.005,5.01262,2.78326,95,28.0,1.667
1265.005,5.00532,2.54345,95,28.0,1.667
1266.005,5.00434,3.46083,95,28.0,1.667
1267.005,5.01249,3.26865,95,28.0,1.667
1268.005,5.01543,3.02642,95,28.0,1.667
1269.005,5.01323,2.78526,95,28.0,1.667
1270.005,5.00596,2.54541,95,28.0,1.667
1271.005,5.00501,3.46275,94,28.0,1.667
1272.005,5.01294,3.25787,94,28.0,1.667
1273.005,5.01565,3.01567,94,28.0,1.667
1274.005,5.01321,2.77455,94,28.0,1.667
1275.005,5.00572,2.53476,94,28.0,1.667
1276.005,5.00455,3.45216,95,28.0,1.667
1277.005,5.01253,3.26002,95,28.0,1.667
1278.005,5.01528,3.01783,95,28.0,1.667
1279.005,5.01290,2.77672,95,28.0,1.667
1280.005,5.00546,2.53693,95,28.0,1.667
1281.005,5.00433,3.45433,94,28.0,1.667
1282.005,5.01210,3.24953,94,28.0,1.667
1283.005,5.01464,3.00740,94,28.0,1.667
1284.005,5.01204,2.76638,94,28.0,1.667
1285.005,5.00439,2.52668,94,28.0,1.667
1286.005,5.00307,3.44418,94,28.0,1.667
1287.005,5.01063,3.23948,94,28.0,1.667
1288.005,5.01298,2.99747,94,28.0,1.667
1289.005,5.01020,2.75657,94,28.0,1.667
1290.005,5.00237,2.51700,94,28.0,1.667
1291.005,5.00087,3.43465,95,28.0,1.667
1292.005,5.00852,3.24276,95,28.0,1.667
1293.005,5.01097,3.00083,95,28.0,1.667
1294.005,5.00828,2.76001,95,28.0,1.667
1295.005,5.00055,2.52051,95,28.0,1.667
1296.005,4.99914,3.43822,95,28.0,1.667
1297.005,5.00689,3.24639,95,28.0,1.667
1298.005,5.00944,3.00452,95,28.0,1.667
1299.005,5.00685,2.76374,95,28.0,1.667
1300.005,4.99921,2.52428,95,28.0,1.667
1301.005,4.99791,3.44204,95,28.0,1.667
1302.005,5.00575,3.25025,95,28.0,1.667
1303.005,5.00839,3.00840,95,28.0,1.667
1304.005,5.00590,2.76765,95,28.0,1.667
1305.005,4.99836,2.52822,95,28.0,1.667
1306.005,4.99715,3.44599,95,28.0,1.667
1307.005,5.00509,3.25422,95,28.0,1.667
1308.005,5.00782,3.01239,95,28.0,1.667
1309.005,5.00542,2.77164,95,28.0,1.667
1310.005,4.99797,2.53221,95,28.0,1.667
1311.005,4.99685,3.44998,95,28.0,1.667
1312.005,5.00488,3.25820,95,28.0,1.667
1313.005,5.00770,3.01636,95,28.0,1.667
1314.005,5.00538,2.77560,95,28.0,1.667
1315.005,4.99801,2.53615,95,28.0,1.667
1316.005,4.99697,3.45390,94,28.0,1.667
1317.005,5.00482,3.24942,94,28.0,1.667
1318.005,5.00746,3.00763,94,28.0,1.667
1319.005,5.00496,2.76692,94,28.0,1.667
1320.005,4.99742,2.52754,94,28.0,1.667
1321.005,4.99620,3.44535,95,28.0,1.667
1322.005,5.00414,3.25362,95,28.0,1.667
1323.005,5.00688,3.01184,95,28.0,1.667
1324.005,5.00447,2.77114,95,28.0,1.667
1325.005,4.99703,2.53175,95,28.0,1.667
1326.005,4.99591,3.44957,95,28.0,1.667
1327.005,5.00394,3.25783,95,28.0,1.667
1328.005,5.00676,3.01603,95,28.0,1.667
1329.005,5.00445,2.77532,95,28.0,1.667
1330.005,4.99709,2.53591,95,28.0,1.667
1331.005,4.99606,3.45370,95,28.0,1.667
1332.005,5.00418,3.26194,95,28.0,1.667
1333.005,5.00709,3.02011,95,28.0,1.667
1334.005,5.00486,2.77936,95,28.0,1.667
1335.005,4.99758,2.53991,95,28.0,1.667
1336.005,4.99662,3.45766,95,28.0,1.667
1337.005,5.00481,3.26585,95,28.0,1.667
1338.005,5.00780,3.02397,95,28.0,1.667
1339.005,5.00564,2.78317,95,28.0,1.667
1340.005,4.99843,2.54367,95,28.0,1.667
1341.005,4.99754,3.46136,94,28.0,1.667
1342.005,5.00554,3.25683,94,28.0,1.667
1343.005,5.00832,3.01496,94,28.0,1.667
1344.005,5.00597,2.77418,94,28.0,1.667
1345.005,4.99857,2.53472,94,28.0,1.667
1346.005,4.99749,3.45244,95,28.0,1.667
1347.005,5.00556,3.26062,95,28.0,1.667
1348.005,5.00842,3.01874,95,28.0,1.667
1349.005,5.00615,2.77793,95,28.0,1.667
1350.005,4.99882,2.53844,95,28.0,1.667
1351.005,4.99782,3.45614,95,28.0,1.667
1352.005,5.00596,3.26428,95,28.0,1.667
1353.005,5.00890,3.02236,95,28.0,1.667
1354.005,5.00669,2.78152,95,28.0,1.667
1355.005,4.99943,2.54198,95,28.0,1.667
1356.005,4.99850,3.45963,95,28.0,1.667
1357.005,5.00671,3.26773,95,28.0,1.667
1358.005,5.00970,3.02576,95,28.0,1.667
1359.005,5.00756,2.78486,95,28.0,1.667
1360.005,5.00036,2.54527,95,28.0,1.667
1361.005,4.99948,3.46286,94,28.0,1.667
1362.005,5.00749,3.25823,94,28.0,1.667
1363.005,5.01027,3.01627,94,28.0,1.667
1364.005,5.00792,2.77540,94,28.0,1.667
1365.005,5.00052,2.53584,94,28.0,1.667
1366.005,4.99944,3.45347,95,28.0,1.667
1367.005,5.00751,3.26155,95,28.0,1.667
1368.005,5.01036,3.01958,95,28.0,1.667
1369.005,5.00808,2.77868,95,28.0,1.667
1370.005,5.00074,2.53910,95,28.0,1.667
1371.005,4.99973,3.45671,95,28.0,1.667
1372.005,5.00786,3.26476,95,28.0,1.667
1373.005,5.01078,3.02275,95,28.0,1.667
1374.005,5.00856,2.78182,95,28.0,1.667
1375.005,5.00128,2.54220,95,28.0,1.667
1376.005,5.00032,3.45977,95,28.0,1.667
1377.005,5.00851,3.26778,95,28.0,1.667
1378.005,5.01149,3.02573,95,28.0,1.667
1379.005,5.00932,2.78475,95,28.0,1.667
1380.005,5.00210,2.54508,95,28.0,1.667
1381.005,5.00119,3.46260,94,28.0,1.667
1382.005,5.00917,3.25789,94,28.0,1.667
1383.005,5.01192,3.01586,94,28.0,1.667
1384.005,5.00954,2.77491,94,28.0,1.667
1385.005,5.00211,2.53528,94,28.0,1.667
1386.005,5.00099,3.45284,95,28.0,1.667
1387.005,5.00903,3.26086,95,28.0,1.667
1388.005,5.01185,3.01882,95,28.0,1.667
1389.005,5.00953,2.77786,95,28.0,1.667
1390.005,5.00216,2.53821,95,28.0,1.667
1391.005,5.00110,3.45576,95,28.0,1.667
1392.005,5.00920,3.26376,95,28.0,1.667
1393.005,5.01208,3.02170,95,28.0,1.667
1394.005,5.00982,2.78071,95,28.0,1.667
1395.005,5.00250,2.54104,95,28.0,1.667
1396.005,5.00151,3.45856,95,28.0,1.667
1397.005,5.00965,3.26652,95,28.0,1.667
1398.005,5.01259,3.02442,95,28.0,1.667
1399.005,5.01038,2.78341,95,28.0,1.667
1400.005,5.00311,2.54369,95,28.0,1.667
1401.005,5.00216,3.46117,95,28.0,1.667
1402.005,5.01036,3.26910,95,28.0,1.667
1403.005,5.01333,3.02695,95,28.0,1.667
1404.005,5.01117,2.78589,95,28.0,1.667
1405.005,5.00394,2.54613,95,28.0,1.667
1406.005,5.00303,3.46356,94,28.0,1.667
1407.005,5.01101,3.25876,94,28.0,1.667
1408.005,5.01376,3.01664,94,28.0,1.667
1409.005,5.01137,2.77561,94,28.0,1.667
1410.005,5.00392,2.53589,94,28.0,1.667
1411.005,5.00280,3.45337,95,28.0,1.667
1412.005,5.01082,3.26130,95,28.0,1.667
1413.005,5.01363,3.01918,95,28.0,1.667
1414.005,5.01129,2.77814,95,28.0,1.667
1415.005,5.00390,2.53841,95,28.0,1.667
1416.005,5.00283,3.45588,94,28.0,1.667
1417.005,5.01065,3.25113,94,28.0,1.667
1418.005,5.01324,3.00907,94,28.0,1.667
1419.005,5.01070,2.76809,94,28.0,1.667
1420.005,5.00310,2.52844,94,28.0,1.667
1421.005,5.00183,3.44600,95,28.0,1.667
1422.005,5.00971,3.25401,95,28.0,1.667
1423.005,5.01238,3.01197,95,28.0,1.667
1424.005,5.00991,2.77103,95,28.0,1.667
1425.005,5.00239,2.53140,95,28.0,1.667
1426.005,5.00119,3.44897,95,28.0,1.667
1427.005,5.00914,3.25700,95,28.0,1.667
1428.005,5.01188,3.01497,95,28.0,1.667
1429.005,5.00948,2.77403,95,28.0,1.667
1430.005,5.00203,2.53441,95,28.0,1.667
1431.005,5.00089,3.45198,95,28.0,1.667
1432.005,5.00891,3.26001,95,28.0,1.667
1433.005,5.01172,3.01797,95,28.0,1.667
1434.005,5.00938,2.77702,95,28.0,1.667
1435.005,5.00199,2.53739,95,28.0,1.667
1436.005,5.00093,3.45495,95,28.0,1.667
1437.005,5.00901,3.26296,95,28.0,1.667
1438.005,5.01187,3.02091,95,28.0,1.667
1439.005,5.00960,2.77994,95,28.0,1.667
1440.005,5.00227,2.54028,95,28.0,1.667
1441.005,5.00126,3.45781,95,28.0,1.667
1442.005,5.00939,3.26579,95,28.0,1.667
1443.005,5.01231,3.02371,95,28.0,1.667
1444.005,5.01009,2.78270,95,28.0,1.667
1445.005,5.00282,2.54301,95,28.0,1.667
1446.005,5.00185,3.46050,95,28.0,1.667
1447.005,5.01004,3.26844,95,28.0,1.667
1448.005,5.01301,3.02632,95,28.0,1.667
1449.005,5.01083,2.78527,95,28.0,1.667
1450.005,5.00360,2.54553,95,28.0,1.667
1451.005,5.00268,3.46298,95,28.0,1.667
1452.005,5.01091,3.27087,95,28.0,1.667
1453.005,5.01392,3.02869,95,28.0,1.667
1454.005,5.01178,2.78759,95,28.0,1.667
1455.005,5.00458,2.54779,95,28.0,1.667
1456.005,5.00370,3.46518,94,28.0,1.667
1457.005,5.01170,3.26035,94,28.0,1.667
1458.005,5.01447,3.01819,94,28.0,1.667
1459.005,5.01211,2.77712,94,28.0,1.667
1460.005,5.00468,2.53736,94,28.0,1.667
1461.005,5.00358,3.45480,94,28.0,1.667
1462.005,5.01136,3.25002,94,28.0,1.667
1463.005,5.01392,3.00793,94,28.0,1.667
1464.005,5.01135,2.76693,94,28.0,1.667
1465.005,5.00372,2.52726,94,28.0,1.667
1466.005,5.00242,3.44479,95,28.0,1.667
1467.005,5.01026,3.25279,95,28.0,1.667
1468.005,5.01290,3.01073,95,28.0,1.667
1469.005,5.01039,2.76976,95,28.0,1.667
1470.005,5.00284,2.53012,95,28.0,1.667
1471.005,5.00161,3.44768,94,28.0,1.667
1472.005,5.00927,3.24303,94,28.0,1.667
1473.005,5.01171,3.00106,94,28.0,1.667
1474.005,5.00902,2.76020,94,28.0,1.667
1475.005,5.00128,2.52067,94,28.0,1.667
1476.005,4.99987,3.43834,95,28.0,1.667
1477.005,5.00761,3.24648,95,28.0,1.667
1478.005,5.01015,3.00458,95,28.0,1.667
1479.005,5.00755,2.76377,95,28.0,1.667
1480.005,4.99991,2.52428,95,28.0,1.667
1481.005,4.99859,3.44200,95,28.0,1.667
1482.005,5.00643,3.25018,95,28.0,1.667
1483.005,5.00906,3.00831,95,28.0,1.667
1484.005,5.00655,2.76753,95,28.0,1.667
1485.005,4.99900,2.52807,95,28.0,1.667
1486.005,4.99778,3.44581,95,28.0,1.667
1487.005,5.00571,3.25401,95,28.0,1.667
1488.005,5.00843,3.01215,95,28.0,1.667
1489.005,5.00601,2.77138,95,28.0,1.667
1490.005,4.99855,2.53192,95,28.0,1.667
1491.005,4.99741,3.44967,95,28.0,1.667
1492.005,5.00543,3.25786,95,28.0,1.667
1493.005,5.00823,3.01599,95,28.0,1.667
1494.005,5.00590,2.77521,95,28.0,1.667
1495.005,4.99852,2.53574,95,28.0,1.667
1496.005,4.99747,3.45347,95,28.0,1.667
1497.005,5.00556,3.26164,95,28.0,1.667
1498.005,5.00844,3.01975,95,28.0,1.667
1499.005,5.00619,2.77894,95,28.0,1.667
1500.005,4.99888,2.53944,95,28.0,1.667
1501.005,5.05009,3.45607,95,28.0,16.670
1502.005,5.11556,3.26055,95,28.0,16.670
1503.005,5.17570,3.01239,95,28.0,16.670
1504.005,5.23048,2.76275,95,28.0,16.670
1505.005,5.27986,2.51187,95,28.0,16.670
1506.005,5.33003,2.64042,30,28.0,16.670
1507.005,5.37664,2.38565,30,28.0,16.670
1508.005,5.41776,2.13004,30,28.0,16.670
1509.005,5.45339,1.87385,30,28.0,16.670
1510.005,5.48353,1.61733,30,28.0,16.670
1511.005,5.51603,1.88076,41,28.0,16.670
1512.005,5.54620,1.62137,41,28.0,16.670
1513.005,5.57081,1.36190,41,28.0,16.670
1514.005,5.58988,1.10263,41,28.0,16.670
1515.005,5.60342,0.84379,41,28.0,16.670
1516.005,5.62095,1.28349,55,28.0,16.670
1517.005,5.63827,1.02233,55,28.0,16.670
1518.005,5.65001,0.76170,55,28.0,16.670
1519.005,5.65621,0.50184,55,28.0,16.670
1520.005,5.65688,0.24301,55,28.0,16.670
1521.005,5.66250,0.82310,66,28.0,16.670
1522.005,5.66998,0.56237,66,28.0,16.670
1523.005,5.67191,0.30261,66,28.0,16.670
1524.005,5.66833,0.04406,66,28.0,16.670
1525.005,5.65927,-0.21303,66,28.0,16.670
1526.005,5.65573,0.48367,75,28.0,16.670
1527.005,5.65602,0.22495,75,28.0,16.670
1528.005,5.65082,-0.03249,75,28.0,16.670
1529.005,5.64017,-0.28840,75,28.0,16.670
1530.005,5.62411,-0.54254,75,28.0,16.670
1531.005,5.61388,0.24645,82,28.0,16.670
1532.005,5.60921,-0.00919,82,28.0,16.670
1533.005,5.59913,-0.26333,82,28.0,16.670
1534.005,5.58367,-0.51574,82,28.0,16.670
1535.005,5.56289,-0.76619,82,28.0,16.670
1536.005,5.54813,0.10304,88,28.0,16.670
1537.005,5.54054,-0.14890,88,28.0,16.670
1538.005,5.52761,-0.39923,88,28.0,16.670
1539.005,5.50940,-0.64772,88,28.0,16.670
1540.005,5.48595,-0.89414,88,28.0,16.670
1541.005,5.46863,0.01740,91,28.0,16.670
1542.005,5.45936,-0.23051,91,28.0,16.670
1543.005,5.44485,-0.47675,91,28.0,16.670
1544.005,5.42514,-0.72110,91,28.0,16.670
1545.005,5.40028,-0.96334,91,28.0,16.670
1546.005,5.38164,-0.04757,94,28.0,16.670
1547.005,5.37195,-0.25321,94,28.0,16.670
1548.005,5.35711,-0.49538,94,28.0,16.670
1549.005,5.33715,-0.73566,94,28.0,16.670
1550.005,5.31214,-0.97383,94,28.0,16.670
1551.005,5.29344,-0.05402,96,28.0,16.670
1552.005,5.28428,-0.23030,96,28.0,16.670
1553.005,5.27008,-0.46861,96,28.0,16.670
1554.005,5.25085,-0.70508,96,28.0,16.670
1555.005,5.22664,-0.93950,96,28.0,16.670
1556.005,5.20882,-0.01598,97,28.0,16.670
1557.005,5.20088,-0.17595,97,28.0,16.670
1558.005,5.18798,-0.41076,97,28.0,16.670
1559.005,5.17012,-0.64380,97,28.0,16.670
1560.005,5.14735,-0.87486,97,28.0,16.670
1561.005,5.13103,0.05192,97,28.0,16.670
1562.005,5.12467,-0.10486,97,28.0,16.670
1563.005,5.11341,-0.33657,97,28.0,16.670
1564.005,5.09726,-0.56660,97,28.0,16.670
1565.005,5.07626,-0.79475,97,28.0,16.670
1566.005,5.06176,0.13486,96,28.0,16.670
1567.005,5.05703,-0.03187,96,28.0,16.670
1568.005,5.04744,-0.26088,96,28.0,16.670
1569.005,5.03300,-0.48831,96,28.0,16.670
1570.005,5.01378,-0.71394,96,28.0,16.670
1571.005,5.00111,0.21810,96,28.0,16.670
1572.005,4.99824,0.05370,96,28.0,16.670
1573.005,4.99057,-0.17307,96,28.0,16.670
1574.005,4.97810,-0.39836,96,28.0,16.670
1575.005,4.96088,-0.62195,96,28.0,16.670
1576.005,4.95026,0.31202,95,28.0,16.670
1577.005,4.94921,0.13679,95,28.0,16.670
1578.005,4.94339,-0.08818,95,28.0,16.670
1579.005,4.93280,-0.31176,95,28.0,16.670
1580.005,4.91750,-0.53373,95,28.0,16.670
1581.005,4.90882,0.40176,94,28.0,16.670
1582.005,4.90949,0.21529,94,28.0,16.670
1583.005,4.90540,-0.00827,94,28.0,16.670
1584.005,4.89658,-0.23052,94,28.0,16.670
1585.005,4.88306,-0.45126,94,28.0,16.670
1586.005,4.87620,0.48538,93,28.0,16.670
1587.005,4.87843,0.28730,93,28.0,16.670
1588.005,4.87593,0.06479,93,28.0,16.670
1589.005,4.86871,-0.15649,93,28.0,16.670
1590.005,4.85681,-0.37634,93,28.0,16.670
1591.005,4.85158,0.56111,92,28.0,16.670
1592.005,4.85520,0.35111,92,28.0,16.670
1593.005,4.85409,0.12933,92,28.0,16.670
1594.005,4.84827,-0.09129,92,28.0,16.670
1595.005,4.83779,-0.31054,92,28.0,16.670
1596.005,4.83399,0.62745,92,28.0,16.670
1597.005,4.83905,0.41791,92,28.0,16.670
1598.005,4.83938,0.19652,92,28.0,16.670
1599.005,4.83502,-0.02376,92,28.0,16.670
1600.005,4.82599,-0.24275,92,28.0,16.670
1601.005,4.82365,0.69543,91,28.0,16.670
1602.005,4.82990,0.47335,91,28.0,16.670
1603.005,4.83143,0.25211,91,28.0,16.670
1604.005,4.82826,0.03190,91,28.0,16.670
1605.005,4.82042,-0.18706,91,28.0,16.670
1606.005,4.81927,0.73837,90,28.0,16.670
1607.005,4.82644,0.51628,90,28.0,16.670
1608.005,4.82888,0.29497,90,28.0,16.670
1609.005,4.82662,0.07466,90,28.0,16.670
1610.005,4.81970,-0.14444,90,28.0,16.670
1611.005,4.81945,0.78081,90,28.0,16.670
1612.005,4.82752,0.55850,90,28.0,16.670
1613.005,4.83085,0.33693,90,28.0,16.670
1614.005,4.82949,0.11633,90,28.0,16.670
1615.005,4.82344,-0.10311,90,28.0,16.670
1616.005,4.82406,0.80903,89,28.0,16.670
1617.005,4.83271,0.58637,89,28.0,16.670
1618.005,4.83663,0.36443,89,28.0,16.670
1619.005,4.83584,0.14342,89,28.0,16.670
1620.005,4.83035,-0.07644,89,28.0,16.670
1621.005,4.83152,0.82253,88,28.0,16.670
1622.005,4.84045,0.59946,88,28.0,16.670
1623.005,4.84463,0.37710,88,28.0,16.670
1624.005,4.84409,0.15567,88,28.0,16.670
1625.005,4.83885,-0.06463,88,28.0,16.670
1626.005,4.84025,0.83390,88,28.0,16.670
1627.005,4.84940,0.61038,88,28.0,16.670
1628.005,4.85380,0.38756,88,28.0,16.670
1629.005,4.85347,0.16566,88,28.0,16.670
1630.005,4.84843,-0.05511,88,28.0,16.670
1631.005,4.85001,0.84293,88,28.0,16.670
1632.005,4.85934,0.61892,88,28.0,16.670
1633.005,4.86390,0.39561,88,28.0,16.670
1634.005,4.86372,0.17321,88,28.0,16.670
1635.005,4.85882,-0.04806,88,28.0,16.670
1636.005,4.86053,0.84948,88,28.0,16.670
1637.005,4.86998,0.62496,88,28.0,16.670
1638.005,4.87466,0.40114,88,28.0,16.670
1639.005,4.87457,0.17822,88,28.0,16.670
1640.005,4.86976,-0.04357,88,28.0,16.670
1641.005,4.87155,0.85345,88,28.0,16.670
1642.005,4.88106,0.62841,88,28.0,16.670
1643.005,4.88579,0.40407,88,28.0,16.670
1644.005,4.88575,0.18064,88,28.0,16.670
1645.005,4.88097,-0.04167,88,28.0,16.670
1646.005,4.88278,0.85483,88,28.0,16.670
1647.005,4.89230,0.62927,88,28.0,16.670
1648.005,4.89703,0.40442,88,28.0,16.670
1649.005,4.89697,0.18048,88,28.0,16.670
1650.005,4.89217,-0.04234,88,28.0,16.670
1651.005,4.89395,0.85366,88,28.0,16.670
1652.005,4.90343,0.62760,88,28.0,16.670
1653.005,4.90809,0.40225,88,28.0,16.670
1654.005,4.90797,0.17782,88,28.0,16.670
1655.005,4.90309,-0.04549,88,28.0,16.670
1656.005,4.90479,0.85003,88,28.0,16.670
1657.005,4.91417,0.62350,88,28.0,16.670
1658.005,4.91873,0.39769,88,28.0,16.670
1659.005,4.91850,0.17279,88,28.0,16.670
1660.005,4.91349,-0.05096,88,28.0,16.670
1661.005,4.91505,0.84411,88,28.0,16.670
1662.005,4.92429,0.61715,88,28.0,16.670
1663.005,4.92870,0.39090,88,28.0,16.670
1664.005,4.92830,0.16559,88,28.0,16.670
1665.005,4.92313,-0.05857,88,28.0,16.670
1666.005,4.92451,0.83611,88,28.0,16.670
1667.005,4.93356,0.60876,88,28.0,16.670
1668.005,4.93778,0.38213,88,28.0,16.670
1669.005,4.93718,0.15645,88,28.0,16.670
1670.005,4.93179,-0.06806,88,28.0,16.670
1671.005,4.93295,0.82627,88,28.0,16.670
1672.005,4.94178,0.59858,88,28.0,16.670
1673.005,4.94577,0.37164,88,28.0,16.670
1674.005,4.94493,0.14565,88,28.0,16.670
1675.005,4.93931,-0.07917,88,28.0,16.670
1676.005,4.94022,0.81488,88,28.0,16.670
1677.005,4.94880,0.58692,88,28.0,16.670
1678.005,4.95252,0.35972,88,28.0,16.670
1679.005,4.95142,0.13348,88,28.0,16.670
1680.005,4.94552,-0.09157,88,28.0,16.670
1681.005,4.94617,0.81499,89,28.0,16.670
1682.005,4.95474,0.58676,89,28.0,16.670
1683.005,4.95845,0.35929,89,28.0,16.670
1684.005,4.95733,0.13279,89,28.0,16.670
1685.005,4.95141,-0.09253,89,28.0,16.670
1686.005,4.95203,0.81376,89,28.0,16.670
1687.005,4.96056,0.58528,89,28.0,16.670
1688.005,4.96423,0.35755,89,28.0,16.670
1689.005,4.96306,0.13080,89,28.0,16.670
1690.005,4.95709,-0.09477,89,28.0,16.670
1691.005,4.95764,0.81128,89,28.0,16.670
1692.005,4.96611,0.58255,89,28.0,16.670
1693.005,4.96972,0.35458,89,28.0,16.670
1694.005,4.96848,0.12759,89,28.0,16.670
1695.005,4.96242,-0.09820,89,28.0,16.670
1696.005,4.96290,0.80762,89,28.0,16.670
1697.005,4.97128,0.57867,89,28.0,16.670
1698.005,4.97479,0.35049,89,28.0,16.670
1699.005,4.97346,0.12329,89,28.0,16.670
1700.005,4.96731,-0.10270,89,28.0,16.670
1701.005,4.96768,0.80292,89,28.0,16.670
1702.005,4.97595,0.57378,89,28.0,16.670
1703.005,4.97935,0.34541,89,28.0,16.670
1704.005,4.97790,0.11803,89,28.0,16.670
1705.005,4.97163,-0.10814,89,28.0,16.670
1706.005,4.97188,0.79731,89,28.0,16.670
1707.005,4.98003,0.56801,89,28.0,16.670
1708.005,4.98330,0.33948,89,28.0,16.670
1709.005,4.98171,0.11196,89,28.0,16.670
1710.005,4.97531,-0.11436,89,28.0,16.670
1711.005,4.97542,0.79096,89,28.0,16.670
1712.005,4.98342,0.56153,89,28.0,16.670
1713.005,4.98655,0.33288,89,28.0,16.670
1714.005,4.98482,0.10524,89,28.0,16.670
1715.005,4.97827,-0.12118,89,28.0,16.670
1716.005,4.97823,0.78403,89,28.0,16.670
1717.005,4.98608,0.55451,89,28.0,16.670
1718.005,4.98905,0.32578,89,28.0,16.670
1719.005,4.98717,0.09806,89,28.0,16.670
1720.005,4.98046,-0.12843,89,28.0,16.670
1721.005,4.98026,0.77672,89,28.0,16.670
1722.005,4.98796,0.54714,89,28.0,16.670
1723.005,4.99077,0.31836,89,28.0,16.670
1724.005,4.98873,0.09060,89,28.0,16.670
1725.005,4.98185,-0.13592,89,28.0,16.670
1726.005,4.98150,0.78193,90,28.0,16.670
1727.005,4.98931,0.55227,90,28.0,16.670
1728.005,4.99222,0.32340,90,28.0,16.670
1729.005,4.99028,0.09555,90,28.0,16.670
1730.005,4.98351,-0.13107,90,28.0,16.670
1731.005,4.98326,0.77396,89,28.0,16.670
1732.005,4.99089,0.54426,89,28.0,16.670
1733.005,4.99364,0.31536,89,28.0,16.670
1734.005,4.99152,0.08749,89,28.0,16.670
1735.005,4.98458,-0.13915,89,28.0,16.670
1736.005,4.98415,0.76587,89,28.0,16.670
1737.005,4.99161,0.53617,89,28.0,16.670
1738.005,4.99418,0.30728,89,28.0,16.670
1739.005,4.99189,0.07942,89,28.0,16.670
1740.005,4.98478,-0.14719,89,28.0,16.670
1741.005,4.98418,0.77059,90,28.0,16.670
1742.005,4.99174,0.54086,90,28.0,16.670
1743.005,4.99441,0.31194,90,28.0,16.670
1744.005,4.99223,0.08405,90,28.0,16.670
1745.005,4.98521,-0.14260,90,28.0,16.670
1746.005,4.98471,0.77513,90,28.0,16.670
1747.005,4.99236,0.54536,90,28.0,16.670
1748.005,4.99513,0.31639,90,28.0,16.670
1749.005,4.99304,0.08844,90,28.0,16.670
1750.005,4.98611,-0.13827,90,28.0,16.670
1751.005,4.98570,0.77941,90,28.0,16.670
1752.005,4.99345,0.54957,90,28.0,16.670
1753.005,4.99630,0.32053,90,28.0,16.670
1754.005,4.99429,0.09250,90,28.0,16.670
1755.005,4.98745,-0.13428,90,28.0,16.670
1756.005,4.98712,0.77058,89,28.0,16.670
1757.005,4.99467,0.54072,89,28.0,16.670
1758.005,4.99734,0.31167,89,28.0,16.670
1759.005,4.99514,0.08365,89,28.0,16.670
1760.005,4.98811,-0.14313,89,28.0,16.670
1761.005,4.98759,0.77448,90,28.0,16.670
1762.005,4.99523,0.54457,90,28.0,16.670
1763.005,4.99797,0.31548,90,28.0,16.670
1764.005,4.99585,0.08741,90,28.0,16.670
1765.005,4.98890,-0.13943,90,28.0,16.670
1766.005,4.98846,0.76540,89,28.0,16.670
1767.005,4.99590,0.53551,89,28.0,16.670
1768.005,4.99845,0.30643,89,28.0,16.670
1769.005,4.99614,0.07838,89,28.0,16.670
1770.005,4.98899,-0.14842,89,28.0,16.670
1771.005,4.98836,0.76917,90,28.0,16.670
1772.005,4.99588,0.53926,90,28.0,16.670
1773.005,4.99852,0.31016,90,28.0,16.670
1774.005,4.99628,0.08209,90,28.0,16.670
1775.005,4.98922,-0.14473,90,28.0,16.670
1776.005,4.98867,0.77284,90,28.0,16.670
1777.005,4.99626,0.54289,90,28.0,16.670
1778.005,4.99897,0.31376,90,28.0,16.670
1779.005,4.99682,0.08565,90,28.0,16.670
1780.005,4.98982,-0.14122,90,28.0,16.670
1781.005,4.98935,0.77630,90,28.0,16.670
1782.005,4.99702,0.54631,90,28.0,16.670
1783.005,4.99980,0.31713,90,28.0,16.670
1784.005,4.99771,0.08897,90,28.0,16.670
1785.005,4.99079,-0.13796,90,28.0,16.670
1786.005,4.99037,0.76678,89,28.0,16.670
1787.005,4.99784,0.53679,89,28.0,16.670
1788.005,5.00041,0.30761,89,28.0,16.670
1789.005,4.99812,0.07947,89,28.0,16.670
1790.005,4.99100,-0.14743,89,28.0,16.670
1791.005,4.99039,0.77007,90,28.0,16.670
1792.005,4.99792,0.54007,90,28.0,16.670
1793.005,5.00057,0.31087,90,28.0,16.670
1794.005,4.99835,0.08270,90,28.0,16.670
1795.005,4.99129,-0.14422,90,28.0,16.670
1796.005,4.99075,0.77325,90,28.0,16.670
1797.005,4.99835,0.54321,90,28.0,16.670
1798.005,5.00106,0.31398,90,28.0,16.670
1799.005,4.99891,0.08578,90,28.0,16.670
1800.005,4.99191,-0.14118,90,28.0,16.670
1801.005,4.99143,0.77624,90,28.0,16.670
1802.005,4.99910,0.54616,90,28.0,16.670
1803.005,5.00187,0.31688,90,28.0,16.670
1804.005,4.99977,0.08862,90,28.0,16.670
1805.005,4.99284,-0.13839,90,28.0,16.670
1806.005,4.99242,0.77898,90,28.0,16.670
1807.005,5.00014,0.54884,90,28.0,16.670
1808.005,5.00297,0.31950,90,28.0,16.670
1809.005,5.00092,0.09118,90,28.0,16.670
1810.005,4.99404,-0.13590,90,28.0,16.670
1811.005,4.99366,0.76867,89,28.0,16.670
1812.005,5.00117,0.53853,89,28.0,16.670
1813.005,5.00377,0.30919,89,28.0,16.670
1814.005,5.00151,0.08089,89,28.0,16.670
1815.005,4.99441,-0.14617,89,28.0,16.670
1816.005,4.99382,0.77117,90,28.0,16.670
1817.005,5.00137,0.54100,90,28.0,16.670
1818.005,5.00403,0.31165,90,28.0,16.670
1819.005,5.00182,0.08332,90,28.0,16.670
1820.005,4.99477,-0.14376,90,28.0,16.670
1821.005,4.99423,0.77355,90,28.0,16.670
1822.005,5.00183,0.54335,90,28.0,16.670
1823.005,5.00454,0.31396,90,28.0,16.670
1824.005,5.00238,0.08560,90,28.0,16.670
1825.005,4.99538,-0.14152,90,28.0,16.670
1826.005,4.99488,0.77575,90,28.0,16.670
1827.005,5.00253,0.54551,90,28.0,16.670
1828.005,5.00528,0.31608,90,28.0,16.670
1829.005,5.00316,0.08767,90,28.0,16.670
1830.005,4.99621,-0.13949,90,28.0,16.670
1831.005,4.99575,0.76501,89,28.0,16.670
1832.005,5.00317,0.53478,89,28.0,16.670
1833.005,5.00569,0.30538,89,28.0,16.670
1834.005,5.00334,0.07701,89,28.0,16.670
1835.005,4.99616,-0.15011,89,28.0,16.670
1836.005,4.99548,0.76716,90,28.0,16.670
1837.005,5.00295,0.53694,90,28.0,16.670
1838.005,5.00552,0.30753,90,28.0,16.670
1839.005,5.00322,0.07916,90,28.0,16.670
1840.005,4.99607,-0.14796,90,28.0,16.670
1841.005,4.99544,0.76931,90,28.0,16.670
1842.005,5.00295,0.53908,90,28.0,16.670
1843.005,5.00557,0.30966,90,28.0,16.670
1844.005,5.00331,0.08127,90,28.0,16.670
1845.005,4.99622,-0.14587,90,28.0,16.670
1846.005,4.99563,0.77139,90,28.0,16.670
1847.005,5.00318,0.54114,90,28.0,16.670
1848.005,5.00584,0.31170,90,28.0,16.670
1849.005,5.00363,0.08329,90,28.0,16.670
1850.005,4.99658,-0.14388,90,28.0,16.670
1851.005,4.99603,0.77335,90,28.0,16.670
1852.005,5.00363,0.54307,90,28.0,16.670
1853.005,5.00633,0.31360,90,28.0,16.670
1854.005,5.00415,0.08516,90,28.0,16.670
1855.005,4.99714,-0.14203,90,28.0,16.670
1856.005,4.99663,0.77516,90,28.0,16.670
1857.005,5.00426,0.54484,90,28.0,16.670
1858.005,5.00700,0.31534,90,28.0,16.670
1859.005,5.00486,0.08686,90,28.0,16.670
1860.005,4.99788,-0.14038,90,28.0,16.670
1861.005,4.99741,0.77677,90,28.0,16.670
1862.005,5.00507,0.54641,90,28.0,16.670
1863.005,5.00784,0.31686,90,28.0,16.670
1864.005,5.00573,0.08834,90,28.0,16.670
1865.005,4.99878,-0.13895,90,28.0,16.670
1866.005,4.99834,0.77816,90,28.0,16.670
1867.005,5.00603,0.54775,90,28.0,16.670
1868.005,5.00883,0.31815,90,28.0,16.670
1869.005,5.00674,0.08957,90,28.0,16.670
1870.005,4.99982,-0.13777,90,28.0,16.670
1871.005,4.99940,0.77929,90,28.0,16.670
1872.005,5.00711,0.54882,90,28.0,16.670
1873.005,5.00993,0.31917,90,28.0,16.670
1874.005,5.00787,0.09054,90,28.0,16.670
1875.005,5.00096,-0.13686,90,28.0,16.670
1876.005,5.00055,0.76741,89,28.0,16.670
1877.005,5.00801,0.53696,89,28.0,16.670
1878.005,5.01057,0.30732,89,28.0,16.670
1879.005,5.00826,0.07872,89,28.0,16.670
1880.005,5.00110,-0.14863,89,28.0,16.670
1881.005,5.00044,0.76842,90,28.0,16.670
1882.005,5.00793,0.53796,90,28.0,16.670
1883.005,5.01051,0.30833,90,28.0,16.670
1884.005,5.00822,0.07972,90,28.0,16.670
1885.005,5.00108,-0.14763,90,28.0,16.670
1886.005,5.00045,0.76941,90,28.0,16.670
1887.005,5.00795,0.53895,90,28.0,16.670
1888.005,5.01055,0.30931,90,28.0,16.670
1889.005,5.00828,0.08070,90,28.0,16.670
1890.005,5.00117,-0.14667,90,28.0,16.670
1891.005,5.00055,0.77037,90,28.0,16.670
1892.005,5.00808,0.53990,90,28.0,16.670
1893.005,5.01070,0.31025,90,28.0,16.670
1894.005,5.00845,0.08162,90,28.0,16.670
1895.005,5.00135,-0.14575,90,28.0,16.670
1896.005,5.00076,0.77127,90,28.0,16.670
1897.005,5.00830,0.54079,90,28.0,16.670
1898.005,5.01094,0.31112,90,28.0,16.670
1899.005,5.00871,0.08248,90,28.0,16.670
1900.005,5.00163,-0.14491,90,28.0,16.670
1901.005,5.00105,0.77210,90,28.0,16.670
1902.005,5.00861,0.54160,90,28.0,16.670
1903.005,5.01127,0.31191,90,28.0,16.670
1904.005,5.00905,0.08325,90,28.0,16.670
1905.005,5.00199,-0.14416,90,28.0,16.670
1906.005,5.00142,0.76010,89,28.0,16.670
1907.005,5.00873,0.52964,89,28.0,16.670
1908.005,5.01113,0.30001,89,28.0,16.670
1909.005,5.00866,0.07142,89,28.0,16.670
1910.005,5.00135,-0.15591,89,28.0,16.670
1911.005,5.00054,0.76116,90,28.0,16.670
1912.005,5.00787,0.53074,90,28.0,16.670
1913.005,5.01030,0.30114,90,28.0,16.670
1914.005,5.00785,0.07258,90,28.0,16.670
1915.005,5.00057,-0.15472,90,28.0,16.670
1916.005,4.99978,0.76238,90,28.0,16.670
1917.005,5.00714,0.53199,90,28.0,16.670
1918.005,5.00960,0.30242,90,28.0,16.670
1919.005,5.00718,0.07388,90,28.0,16.670
1920.005,4.99992,-0.15340,90,28.0,16.670
1921.005,4.99917,0.76373,90,28.0,16.670
1922.005,5.00655,0.53336,90,28.0,16.670
1923.005,5.00904,0.30380,90,28.0,16.670
1924.005,5.00666,0.07529,90,28.0,16.670
1925.005,4.99943,-0.15197,90,28.0,16.670
1926.005,4.99870,0.76517,90,28.0,16.670
1927.005,5.00612,0.53481,90,28.0,16.670
1928.005,5.00864,0.30527,90,28.0,16.670
1929.005,5.00629,0.07676,90,28.0,16.670
1930.005,4.99909,-0.15049,90,28.0,16.670
1931.005,4.99840,0.76666,90,28.0,16.670
1932.005,5.00585,0.53631,90,28.0,16.670
1933.005,5.00840,0.30677,90,28.0,16.670
1934.005,5.00608,0.07827,90,28.0,16.670
1935.005,4.99892,-0.14898,90,28.0,16.670
1936.005,4.99826,0.76817,90,28.0,16.670
1937.005,5.00574,0.53782,90,28.0,16.670
1938.005,5.00832,0.30828,90,28.0,16.670
1939.005,5.00603,0.07977,90,28.0,16.670
1940.005,4.99890,-0.14748,90,28.0,16.670
1941.005,4.99827,0.76966,90,28.0,16.670
1942.005,5.00579,0.53930,90,28.0,16.670
1943.005,5.00840,0.30975,90,28.0,16.670
1944.005,5.00614,0.08123,90,28.0,16.670
1945.005,4.99904,-0.14603,90,28.0,16.670
1946.005,4.99844,0.77109,90,28.0,16.670
1947.005,5.00599,0.54072,90,28.0,16.670
1948.005,5.00863,0.31115,90,28.0,16.670
1949.005,5.00641,0.08262,90,28.0,16.670
1950.005,4.99933,-0.14467,90,28.0,16.670
1951.005,4.99876,0.77244,90,28.0,16.670
1952.005,5.00634,0.54204,90,28.0,16.670
1953.005,5.00901,0.31246,90,28.0,16.670
1954.005,5.00681,0.08390,90,28.0,16.670
1955.005,4.99976,-0.14341,90,28.0,16.670
1956.005,4.99922,0.77367,90,28.0,16.670
1957.005,5.00682,0.54325,90,28.0,16.670
1958.005,5.00951,0.31363,90,28.0,16.670
1959.005,5.00733,0.08505,90,28.0,16.670
1960.005,5.00031,-0.14229,90,28.0,16.670
1961.005,4.99979,0.76203,89,28.0,16.670
1962.005,5.00714,0.53164,89,28.0,16.670
1963.005,5.00959,0.30207,89,28.0,16.670
1964.005,5.00716,0.07354,89,28.0,16.670
1965.005,4.99990,-0.15374,89,28.0,16.670
1966.005,4.99913,0.76339,90,28.0,16.670
1967.005,5.00651,0.53302,90,28.0,16.670
1968.005,5.00899,0.30347,90,28.0,16.670
1969.005,5.00660,0.07496,90,28.0,16.670
1970.005,4.99937,-0.15230,90,28.0,16.670
1971.005,4.99864,0.76485,90,28.0,16.670
1972.005,5.00605,0.53449,90,28.0,16.670
1973.005,5.00856,0.30496,90,28.0,16.670
1974.005,5.00620,0.07646,90,28.0,16.670
1975.005,4.99900,-0.15079,90,28.0,16.670
1976.005,4.99830,0.76637,90,28.0,16.670
1977.005,5.00574,0.53602,90,28.0,16.670
1978.005,5.00829,0.30649,90,28.0,16.670
1979.005,5.00596,0.07800,90,28.0,16.670
1980.005,4.99879,-0.14925,90,28.0,16.670
1981.005,4.99813,0.76791,90,28.0,16.670
1982.005,5.00560,0.53756,90,28.0,16.670
1983.005,5.00818,0.30803,90,28.0,16.670
1984.005,5.00589,0.07953,90,28.0,16.670
1985.005,4.99875,-0.14771,90,28.0,16.670
1986.005,4.99812,0.76943,90,28.0,16.670
1987.005,5.00563,0.53908,90,28.0,16.670
1988.005,5.00824,0.30954,90,28.0,16.670
1989.005,5.00598,0.08103,90,28.0,16.670
1990.005,4.99887,-0.14622,90,28.0,16.670
1991.005,4.99827,0.77091,90,28.0,16.670
1992.005,5.00581,0.54054,90,28.0,16.670
1993.005,5.00845,0.31099,90,28.0,16.670
1994.005,5.00622,0.08246,90,28.0,16.670
1995.005,4.99915,-0.14481,90,28.0,16.670
1996.005,4.99857,0.77230,90,28.0,16.670
1997.005,5.00614,0.54192,90,28.0,16.670
1998.005,5.00881,0.31234,90,28.0,16.670
1999.005,5.00661,0.08379,90,28.0,16.670
2000.005,4.99956,-0.14351,90,28.0,16.670
2001.005,4.99902,0.77358,90,28.0,16.670
2002.005,5.00661,0.54317,90,28.0,16.670
2003.005,5.00931,0.31356,90,28.0,16.670
2004.005,5.00713,0.08499,90,28.0,16.670
2005.005,5.00011,-0.14235,90,28.0,16.670
2006.005,4.99958,0.77471,90,28.0,16.670
2007.005,5.00720,0.54427,90,28.0,16.670
2008.005,5.00992,0.31463,90,28.0,16.670
2009.005,5.00776,0.08602,90,28.0,16.670
2010.005,5.00076,-0.14134,90,28.0,16.670
2011.005,5.00026,0.77568,90,28.0,16.670
2012.005,5.00790,0.54520,90,28.0,16.670
2013.005,5.01064,0.31553,90,28.0,16.670
2014.005,5.00850,0.08688,90,28.0,16.670
2015.005,5.00151,-0.14052,90,28.0,16.670
2016.005,5.00103,0.77647,90,28.0,16.670
2017.005,5.00868,0.54595,90,28.0,16.670
2018.005,5.01143,0.31624,90,28.0,16.670
2019.005,5.00930,0.08755,90,28.0,16.670
2020.005,5.00233,-0.13989,90,28.0,16.670
2021.005,5.00185,0.76433,89,28.0,16.670
2022.005,5.00925,0.53383,89,28.0,16.670
2023.005,5.01174,0.30415,89,28.0,16.670
2024.005,5.00936,0.07551,89,28.0,16.670
2025.005,5.00213,-0.15187,89,28.0,16.670
2026.005,5.00140,0.76515,90,28.0,16.670
2027.005,5.00882,0.53467,90,28.0,16.670
2028.005,5.01133,0.30500,90,28.0,16.670
2029.005,5.00896,0.07638,90,28.0,16.670
2030.005,5.00175,-0.15099,90,28.0,16.670
2031.005,5.00105,0.76604,90,28.0,16.670
2032.005,5.00848,0.53557,90,28.0,16.670
2033.005,5.01101,0.30592,90,28.0,16.670
2034.005,5.00867,0.07730,90,28.0,16.670
2035.005,5.00148,-0.15006,90,28.0,16.670
2036.005,5.00079,0.76698,90,28.0,16.670
2037.005,5.00824,0.53652,90,28.0,16.670
2038.005,5.01080,0.30687,90,28.0,16.670
2039.005,5.00847,0.07826,90,28.0,16.670
2040.005,5.00130,-0.14910,90,28.0,16.670
2041.005,5.00064,0.76794,90,28.0,16.670
2042.005,5.00811,0.53748,90,28.0,16.670
2043.005,5.01068,0.30784,90,28.0,16.670
2044.005,5.00838,0.07923,90,28.0,16.670
2045.005,5.00123,-0.14813,90,28.0,16.670
2046.005,5.00059,0.76891,90,28.0,16.670
2047.005,5.00808,0.53845,90,28.0,16.670
2048.005,5.01067,0.30880,90,28.0,16.670
2049.005,5.00839,0.08019,90,28.0,16.670
2050.005,5.00126,-0.14718,90,28.0,16.670
2051.005,5.00064,0.76985,90,28.0,16.670
2052.005,5.00815,0.53938,90,28.0,16.670
2053.005,5.01077,0.30973,90,28.0,16.670
2054.005,5.00850,0.08111,90,28.0,16.670
2055.005,5.00139,-0.14627,90,28.0,16.670
2056.005,5.00079,0.77075,90,28.0,16.670
2057.005,5.00832,0.54027,90,28.0,16.670
2058.005,5.01095,0.31061,90,28.0,16.670
2059.005,5.00871,0.08197,90,28.0,16.670
2060.005,5.00162,-0.14542,90,28.0,16.670
2061.005,5.00103,0.77159,90,28.0,16.670
2062.005,5.00858,0.54109,90,28.0,16.670
2063.005,5.01123,0.31141,90,28.0,16.670
2064.005,5.00900,0.08276,90,28.0,16.670
2065.005,5.00192,-0.14465,90,28.0,16.670
2066.005,5.00135,0.75962,89,28.0,16.670
2067.005,5.00864,0.52917,89,28.0,16.670
2068.005,5.01104,0.29954,89,28.0,16.670
2069.005,5.00856,0.07096,89,28.0,16.670
2070.005,5.00123,-0.15637,89,28.0,16.670
2071.005,5.00041,0.76071,90,28.0,16.670
2072.005,5.00773,0.53030,90,28.0,16.670
2073.005,5.01015,0.30071,90,28.0,16.670
2074.005,5.00770,0.07216,90,28.0,16.670
2075.005,5.00040,-0.15514,90,28.0,16.670
2076.005,4.99961,0.76197,90,28.0,16.670
2077.005,5.00696,0.53159,90,28.0,16.670
2078.005,5.00941,0.30203,90,28.0,16.670
2079.005,5.00699,0.07351,90,28.0,16.670
2080.005,4.99972,-0.15376,90,28.0,16.670
2081.005,4.99896,0.76337,90,28.0,16.670
2082.005,5.00634,0.53301,90,28.0,16.670
2083.005,5.00882,0.30347,90,28.0,16.670
2084.005,5.00643,0.07497,90,28.0,16.670
2085.005,4.99919,-0.15228,90,28.0,16.670
2086.005,4.99846,0.76487,90,28.0,16.670
2087.005,5.00587,0.53453,90,28.0,16.670
2088.005,5.00839,0.30500,90,28.0,16.670
2089.005,5.00603,0.07651,90,28.0,16.670
2090.005,4.99883,-0.15073,90,28.0,16.670
2091.005,4.99813,0.76643,90,28.0,16.670
2092.005,5.00558,0.53609,90,28.0,16.670
2093.005,5.00812,0.30657,90,28.0,16.670
2094.005,5.00580,0.07808,90,28.0,16.670
2095.005,4.99863,-0.14916,90,28.0,16.670
2096.005,4.99797,0.76801,90,28.0,16.670
2097.005,5.00545,0.53767,90,28.0,16.670
2098.005,5.00803,0.30814,90,28.0,16.670
2099.005,5.00574,0.07965,90,28.0,16.670
2100.005,4.99860,-0.14759,90,28.0,16.670
2101.005,4.99797,0.76957,90,28.0,16.670
2102.005,5.00549,0.53922,90,28.0,16.670
2103.005,5.00810,0.30968,90,28.0,16.670
2104.005,5.00584,0.08118,90,28.0,16.670
2105.005,4.99874,-0.14607,90,28.0,16.670
2106.005,4.99814,0.77107,90,28.0,16.670
2107.005,5.00569,0.54071,90,28.0,16.670
2108.005,5.00833,0.31116,90,28.0,16.670
2109.005,5.00610,0.08264,90,28.0,16.670
2110.005,4.99903,-0.14463,90,28.0,16.670
2111.005,4.99846,0.77249,90,28.0,16.670
2112.005,5.00604,0.54210,90,28.0,16.670
2113.005,5.00871,0.31253,90,28.0,16.670
2114.005,5.00651,0.08399,90,28.0,16.670
2115.005,4.99947,-0.14331,90,28.0,16.670
2116.005,4.99893,0.77378,90,28.0,16.670
2117.005,5.00653,0.54337,90,28.0,16.670
2118.005,5.00923,0.31377,90,28.0,16.670
2119.005,5.00705,0.08520,90,28.0,16.670
2120.005,5.00003,-0.14213,90,28.0,16.670
2121.005,4.99952,0.77493,90,28.0,16.670
2122.005,5.00714,0.54448,90,28.0,16.670
2123.005,5.00986,0.31485,90,28.0,16.670
2124.005,5.00771,0.08624,90,28.0,16.670
2125.005,5.00071,-0.14112,90,28.0,16.670
2126.005,5.00022,0.77591,90,28.0,16.670
2127.005,5.00786,0.54542,90,28.0,16.670
2128.005,5.01060,0.31575,90,28.0,16.670
2129.005,5.00847,0.08711,90,28.0,16.670
2130.005,5.00149,-0.14030,90,28.0,16.670
2131.005,5.00101,0.77669,90,28.0,16.670
2132.005,5.00867,0.54617,90,28.0,16.670
2133.005,5.01142,0.31646,90,28.0,16.670
2134.005,5.00930,0.08777,90,28.0,16.670
2135.005,5.00233,-0.13967,90,28.0,16.670
2136.005,5.00186,0.77728,90,28.0,16.670
2137.005,5.00953,0.54671,90,28.0,16.670
2138.005,5.01230,0.31696,90,28.0,16.670
2139.005,5.01019,0.08823,90,28.0,16.670
2140.005,5.00323,-0.13926,90,28.0,16.670
2141.005,5.00276,0.77765,90,28.0,16.670
2142.005,5.01044,0.54704,90,28.0,16.670
2143.005,5.01321,0.31725,90,28.0,16.670
2144.005,5.01110,0.08847,90,28.0,16.670
2145.005,5.00415,-0.13905,90,28.0,16.670
2146.005,5.00368,0.76508,89,28.0,16.670
2147.005,5.01109,0.53450,89,28.0,16.670
2148.005,5.01360,0.30473,89,28.0,16.670
2149.005,5.01122,0.07601,89,28.0,16.670
2150.005,5.00400,-0.15147,89,28.0,16.670
2151.005,5.00328,0.76546,90,28.0,16.670
2152.005,5.01070,0.53490,90,28.0,16.670
2153.005,5.01321,0.30515,90,28.0,16.670
2154.005,5.01084,0.07644,90,28.0,16.670
2155.005,5.00363,-0.15102,90,28.0,16.670
2156.005,5.00292,0.76593,90,28.0,16.670
2157.005,5.01035,0.53537,90,28.0,16.670
2158.005,5.01287,0.30564,90,28.0,16.670
2159.005,5.01052,0.07694,90,28.0,16.670
2160.005,5.00332,-0.15050,90,28.0,16.670
2161.005,5.00262,0.76645,90,28.0,16.670
2162.005,5.01006,0.53591,90,28.0,16.670
2163.005,5.01259,0.30619,90,28.0,16.670
2164.005,5.01025,0.07750,90,28.0,16.670
2165.005,5.00306,-0.14994,90,28.0,16.670
2166.005,5.00238,0.76703,90,28.0,16.670
2167.005,5.00983,0.53649,90,28.0,16.670
2168.005,5.01238,0.30678,90,28.0,16.670
2169.005,5.01005,0.07810,90,28.0,16.670
2170.005,5.00287,-0.14933,90,28.0,16.670
2171.005,5.00220,0.76764,90,28.0,16.670
2172.005,5.00966,0.53711,90,28.0,16.670
2173.005,5.01223,0.30739,90,28.0,16.670
2174.005,5.00991,0.07872,90,28.0,16.670
2175.005,5.00275,-0.14871,90,28.0,16.670
2176.005,5.00209,0.76826,90,28.0,16.670
2177.005,5.00957,0.53774,90,28.0,16.670
2178.005,5.01214,0.30803,90,28.0,16.670
2179.005,5.00984,0.07935,90,28.0,16.670
2180.005,5.00269,-0.14808,90,28.0,16.670
2181.005,5.00204,0.76890,90,28.0,16.670
2182.005,5.00954,0.53837,90,28.0,16.670
2183.005,5.01213,0.30865,90,28.0,16.670
2184.005,5.00984,0.07998,90,28.0,16.670
2185.005,5.00270,-0.14745,90,28.0,16.670
2186.005,5.00207,0.76952,90,28.0,16.670
2187.005,5.00957,0.53898,90,28.0,16.670
2188.005,5.01217,0.30926,90,28.0,16.670
2189.005,5.00990,0.08058,90,28.0,16.670
2190.005,5.00278,-0.14685,90,28.0,16.670
2191.005,5.00216,0.77011,90,28.0,16.670
2192.005,5.00967,0.53957,90,28.0,16.670
2193.005,5.01229,0.30984,90,28.0,16.670
2194.005,5.01002,0.08115,90,28.0,16.670
2195.005,5.00291,-0.14629,90,28.0,16.670
2196.005,5.00230,0.77066,90,28.0,16.670
2197.005,5.00983,0.54011,90,28.0,16.670
2198.005,5.01246,0.31038,90,28.0,16.670
2199.005,5.01021,0.08167,90,28.0,16.670
2200.005,5.00311,-0.14578,90,28.0,16.670
2201.005,5.00251,0.77116,90,28.0,16.670
2202.005,5.01005,0.54060,90,28.0,16.670
2203.005,5.01268,0.31085,90,28.0,16.670
2204.005,5.01044,0.08214,90,28.0,16.670
2205.005,5.00335,-0.14533,90,28.0,16.670
2206.005,5.00276,0.77160,90,28.0,16.670
2207.005,5.01031,0.54103,90,28.0,16.670
2208.005,5.01295,0.31126,90,28.0,16.670
2209.005,5.01072,0.08254,90,28.0,16.670
2210.005,5.00363,-0.14495,90,28.0,16.670
2211.005,5.00305,0.77197,90,28.0,16.670
2212.005,5.01061,0.54138,90,28.0,16.670
2213.005,5.01326,0.31160,90,28.0,16.670
2214.005,5.01103,0.08286,90,28.0,16.670
2215.005,5.00395,-0.14464,90,28.0,16.670
2216.005,5.00337,0.75953,89,28.0,16.670
2217.005,5.01066,0.52899,89,28.0,16.670
2218.005,5.01305,0.29927,89,28.0,16.670
2219.005,5.01056,0.07060,89,28.0,16.670
2220.005,5.00323,-0.15682,89,28.0,16.670
2221.005,5.00239,0.76017,90,28.0,16.670
2222.005,5.00970,0.52967,90,28.0,16.670
2223.005,5.01210,0.30000,90,28.0,16.670
2224.005,5.00963,0.07136,90,28.0,16.670
2225.005,5.00231,-0.15601,90,28.0,16.670
2226.005,5.00150,0.76102,90,28.0,16.670
2227.005,5.00883,0.53055,90,28.0,16.670
2228.005,5.01125,0.30091,90,28.0,16.670
2229.005,5.00880,0.07231,90,28.0,16.670
2230.005,5.00150,-0.15503,90,28.0,16.670
2231.005,5.00071,0.76203,90,28.0,16.670
2232.005,5.00806,0.53159,90,28.0,16.670
2233.005,5.01051,0.30198,90,28.0,16.670
2234.005,5.00808,0.07341,90,28.0,16.670
2235.005,5.00081,-0.15391,90,28.0,16.670
2236.005,5.00004,0.76318,90,28.0,16.670
2237.005,5.00742,0.53277,90,28.0,16.670
2238.005,5.00989,0.30318,90,28.0,16.670
2239.005,5.00749,0.07463,90,28.0,16.670
2240.005,5.00024,-0.15266,90,28.0,16.670
2241.005,4.99950,0.76444,90,28.0,16.670
2242.005,5.00691,0.53405,90,28.0,16.670
2243.005,5.00941,0.30448,90,28.0,16.670
2244.005,5.00704,0.07594,90,28.0,16.670
2245.005,4.99982,-0.15134,90,28.0,16.670
2246.005,4.99911,0.76578,90,28.0,16.670
2247.005,5.00654,0.53540,90,28.0,16.670
2248.005,5.00907,0.30584,90,28.0,16.670
2249.005,5.00673,0.07731,90,28.0,16.670
2250.005,4.99954,-0.14996,90,28.0,16.670
2251.005,4.99886,0.76716,90,28.0,16.670
2252.005,5.00632,0.53679,90,28.0,16.670
2253.005,5.00888,0.30723,90,28.0,16.670
2254.005,5.00657,0.07870,90,28.0,16.670
2255.005,4.99941,-0.14857,90,28.0,16.670
2256.005,4.99876,0.76855,90,28.0,16.670
2257.005,5.00625,0.53817,90,28.0,16.670
2258.005,5.00884,0.30861,90,28.0,16.670
2259.005,5.00656,0.08008,90,28.0,16.670
2260.005,4.99943,-0.14720,90,28.0,16.670
2261.005,4.99881,0.76991,90,28.0,16.670
2262.005,5.00633,0.53953,90,28.0,16.670
2263.005,5.00895,0.30995,90,28.0,16.670
2264.005,5.00669,0.08141,90,28.0,16.670
2265.005,4.99959,-0.14588,90,28.0,16.670
2266.005,4.99900,0.77122,90,28.0,16.670
2267.005,5.00655,0.54082,90,28.0,16.670
2268.005,5.00919,0.31123,90,28.0,16.670
2269.005,5.00696,0.08267,90,28.0,16.670
2270.005,4.99989,-0.14464,90,28.0,16.670
2271.005,4.99932,0.77244,90,28.0,16.670
2272.005,5.00689,0.54202,90,28.0,16.670
2273.005,5.00956,0.31241,90,28.0,16.670
2274.005,5.00736,0.08382,90,28.0,16.670
2275.005,5.00031,-0.14351,90,28.0,16.670
2276.005,4.99976,0.76082,89,28.0,16.670
2277.005,5.00708,0.53043,89,28.0,16.670
2278.005,5.00951,0.30087,89,28.0,16.670
2279.005,5.00706,0.07235,89,28.0,16.670
2280.005,4.99977,-0.15491,89,28.0,16.670
2281.005,4.99898,0.76222,90,28.0,16.670
2282.005,5.00634,0.53187,90,28.0,16.670
2283.005,5.00879,0.30233,90,28.0,16.670
2284.005,5.00638,0.07384,90,28.0,16.670
2285.005,4.99912,-0.15340,90,28.0,16.670
2286.005,4.99836,0.76376,90,28.0,16.670
2287.005,5.00575,0.53342,90,28.0,16.670
2288.005,5.00824,0.30390,90,28.0,16.670
2289.005,5.00586,0.07542,90,28.0,16.670
2290.005,4.99864,-0.15180,90,28.0,16.670
2291.005,4.99792,0.76537,90,28.0,16.670
2292.005,5.00534,0.53505,90,28.0,16.670
2293.005,5.00787,0.30554,90,28.0,16.670
2294.005,5.00552,0.07707,90,28.0,16.670
2295.005,4.99833,-0.15015,90,28.0,16.670
2296.005,4.99765,0.76703,90,28.0,16.670
2297.005,5.00511,0.53671,90,28.0,16.670
2298.005,5.00767,0.30721,90,28.0,16.670
2299.005,5.00536,0.07874,90,28.0,16.670
2300.005,4.99821,-0.14848,90,28.0,16.670
2301.005,4.99756,0.76870,90,28.0,16.670
2302.005,5.00505,0.53837,90,28.0,16.670
2303.005,5.00765,0.30886,90,28.0,16.670
2304.005,5.00538,0.08039,90,28.0,16.670
2305.005,4.99826,-0.14684,90,28.0,16.670
2306.005,4.99764,0.77033,90,28.0,16.670
2307.005,5.00517,0.53999,90,28.0,16.670
2308.005,5.00780,0.31047,90,28.0,16.670
2309.005,5.00556,0.08197,90,28.0,16.670
2310.005,4.99848,-0.14527,90,28.0,16.670
2311.005,4.99790,0.77188,90,28.0,16.670
2312.005,5.00546,0.54152,90,28.0,16.670
2313.005,5.00812,0.31198,90,28.0,16.670
2314.005,5.00591,0.08346,90,28.0,16.670
2315.005,4.99886,-0.14381,90,28.0,16.670
2316.005,4.99831,0.77332,90,28.0,16.670
2317.005,5.00590,0.54294,90,28.0,16.670
2318.005,5.00859,0.31337,90,28.0,16.670
2319.005,5.00641,0.08482,90,28.0,16.670
2320.005,4.99938,-0.14247,90,28.0,16.670
2321.005,4.99886,0.77462,90,28.0,16.670
2322.005,5.00648,0.54421,90,28.0,16.670
2323.005,5.00920,0.31460,90,28.0,16.670
2324.005,5.00704,0.08603,90,28.0,16.670
2325.005,5.00004,-0.14130,90,28.0,16.670
2326.005,4.99954,0.77575,90,28.0,16.670
2327.005,5.00718,0.54530,90,28.0,16.670
2328.005,5.00992,0.31566,90,28.0,16.670
2329.005,5.00779,0.08705,90,28.0,16.670
2330.005,5.00081,-0.14032,90,28.0,16.670
2331.005,5.00033,0.77670,90,28.0,16.670
2332.005,5.00799,0.54621,90,28.0,16.670
2333.005,5.01074,0.31652,90,28.0,16.670
2334.005,5.00863,0.08787,90,28.0,16.670
2335.005,5.00166,-0.13954,90,28.0,16.670
2336.005,5.00120,0.77743,90,28.0,16.670
2337.005,5.00887,0.54690,90,28.0,16.670
2338.005,5.01164,0.31717,90,28.0,16.670
2339.005,5.00953,0.08847,90,28.0,16.670
2340.005,5.00258,-0.13898,90,28.0,16.670
2341.005,5.00212,0.76522,89,28.0,16.670
2342.005,5.00954,0.53471,89,28.0,16.670
2343.005,5.01205,0.30501,89,28.0,16.670
2344.005,5.00968,0.07636,89,28.0,16.670
2345.005,5.00247,-0.15105,89,28.0,16.670
2346.005,5.00176,0.76595,90,28.0,16.670
2347.005,5.00919,0.53545,90,28.0,16.670
2348.005,5.01172,0.30577,90,28.0,16.670
2349.005,5.00937,0.07712,90,28.0,16.670
2350.005,5.00217,-0.15027,90,28.0,16.670
2351.005,5.00148,0.76673,90,28.0,16.670
2352.005,5.00893,0.53624,90,28.0,16.670
2353.005,5.01147,0.30657,90,28.0,16.670
2354.005,5.00914,0.07793,90,28.0,16.670
2355.005,5.00196,-0.14946,90,28.0,16.670
2356.005,5.00129,0.76755,90,28.0,16.670
2357.005,5.00875,0.53706,90,28.0,16.670
2358.005,5.01132,0.30739,90,28.0,16.670
2359.005,5.00900,0.07876,90,28.0,16.670
2360.005,5.00184,-0.14863,90,28.0,16.670
2361.005,5.00119,0.76839,90,28.0,16.670
2362.005,5.00867,0.53790,90,28.0,16.670
2363.005,5.01125,0.30823,90,28.0,16.670
2364.005,5.00895,0.07959,90,28.0,16.670
2365.005,5.00181,-0.14780,90,28.0,16.670
2366.005,5.00117,0.76921,90,28.0,16.670
2367.005,5.00867,0.53872,90,28.0,16.670
2368.005,5.01127,0.30905,90,28.0,16.670
2369.005,5.00899,0.08041,90,28.0,16.670
2370.005,5.00187,-0.14699,90,28.0,16.670
2371.005,5.00124,0.75729,89,28.0,16.670
2372.005,5.00849,0.52686,89,28.0,16.670
2373.005,5.01083,0.29725,89,28.0,16.670
2374.005,5.00830,0.06869,89,28.0,16.670
2375.005,5.00093,-0.15862,89,28.0,16.670
2376.005,5.00007,0.75849,90,28.0,16.670
2377.005,5.00734,0.52810,90,28.0,16.670
2378.005,5.00972,0.29854,90,28.0,16.670
2379.005,5.00722,0.07002,90,28.0,16.670
2380.005,4.99988,-0.15724,90,28.0,16.670
2381.005,4.99904,0.75991,90,28.0,16.670
2382.005,5.00634,0.52956,90,28.0,16.670
2383.005,5.00875,0.30003,90,28.0,16.670
2384.005,5.00629,0.07155,90,28.0,16.670
2385.005,4.99898,-0.15567,90,28.0,16.670
2386.005,4.99818,0.76150,90,28.0,16.670
2387.005,5.00552,0.53119,90,28.0,16.670
2388.005,5.00796,0.30169,90,28.0,16.670
2389.005,5.00554,0.07324,90,28.0,16.670
2390.005,4.99827,-0.15396,90,28.0,16.670
2391.005,4.99750,0.76324,90,28.0,16.670
2392.005,5.00488,0.53295,90,28.0,16.670
2393.005,5.00736,0.30347,90,28.0,16.670
2394.005,5.00497,0.07503,90,28.0,16.670
2395.005,4.99774,-0.15215,90,28.0,16.670
2396.005,4.99702,0.76507,90,28.0,16.670
2397.005,5.00444,0.53479,90,28.0,16.670
2398.005,5.00696,0.30532,90,28.0,16.670
2399.005,5.00461,0.07689,90,28.0,16.670
2400.005,4.99742,-0.15028,90,28.0,16.670
2401.005,4.99673,0.76694,90,28.0,16.670
2402.005,5.00419,0.53666,90,28.0,16.670
2403.005,5.00675,0.30720,90,28.0,16.670
2404.005,5.00444,0.07877,90,28.0,16.670
2405.005,4.99729,-0.14841,90,28.0,16.670
2406.005,4.99665,0.76881,90,28.0,16.670
2407.005,5.00415,0.53853,90,28.0,16.670
2408.005,5.00675,0.30906,90,28.0,16.670
2409.005,5.00448,0.08062,90,28.0,16.670
2410.005,4.99737,-0.14657,90,28.0,16.670
2411.005,4.99676,0.77064,90,28.0,16.670
2412.005,5.00430,0.54034,90,28.0,16.670
2413.005,5.00694,0.31085,90,28.0,16.670
2414.005,5.00471,0.08240,90,28.0,16.670
2415.005,4.99763,-0.14481,90,28.0,16.670
2416.005,4.99706,0.77238,90,28.0,16.670
2417.005,5.00464,0.54205,90,28.0,16.670
2418.005,5.00731,0.31255,90,28.0,16.670
2419.005,5.00512,0.08406,90,28.0,16.670
2420.005,4.99808,-0.14317,90,28.0,16.670
2421.005,4.99754,0.77399,90,28.0,16.670
2422.005,5.00515,0.54364,90,28.0,16.670
2423.005,5.00786,0.31410,90,28.0,16.670
2424.005,5.00569,0.08558,90,28.0,16.670
2425.005,4.99868,-0.14169,90,28.0,16.670
2426.005,4.99818,0.77544,90,28.0,16.670
2427.005,5.00582,0.54505,90,28.0,16.670
2428.005,5.00855,0.31547,90,28.0,16.670
2429.005,5.00642,0.08692,90,28.0,16.670
2430.005,4.99944,-0.14039,90,28.0,16.670
2431.005,4.99896,0.77669,90,28.0,16.670
2432.005,5.00662,0.54626,90,28.0,16.670
2433.005,5.00938,0.31664,90,28.0,16.670
2434.005,5.00727,0.08805,90,28.0,16.670
2435.005,5.00031,-0.13930,90,28.0,16.670
2436.005,4.99985,0.77773,90,28.0,16.670
2437.005,5.00753,0.54726,90,28.0,16.670
2438.005,5.01032,0.31759,90,28.0,16.670
2439.005,5.00822,0.08895,90,28.0,16.670
2440.005,5.00128,-0.13845,90,28.0,16.670
2441.005,5.00084,0.77854,90,28.0,16.670
2442.005,5.00854,0.54802,90,28.0,16.670
2443.005,5.01133,0.31830,90,28.0,16.670
2444.005,5.00925,0.08961,90,28.0,16.670
2445.005,5.00232,-0.13784,90,28.0,16.670
2446.005,5.00189,0.77910,90,28.0,16.670
2447.005,5.00960,0.54852,90,28.0,16.670
2448.005,5.01240,0.31876,90,28.0,16.670
2449.005,5.01033,0.09001,90,28.0,16.670
2450.005,5.00341,-0.13749,90,28.0,16.670
2451.005,5.00298,0.77940,90,28.0,16.670
2452.005,5.01070,0.54878,90,28.0,16.670
2453.005,5.01350,0.31896,90,28.0,16.670
2454.005,5.01143,0.09017,90,28.0,16.670
2455.005,5.00451,-0.13739,90,28.0,16.670
2456.005,5.00408,0.76672,89,28.0,16.670
2457.005,5.01152,0.53611,89,28.0,16.670
2458.005,5.01406,0.30632,89,28.0,16.670
2459.005,5.01172,0.07757,89,28.0,16.670
2460.005,5.00453,-0.14994,89,28.0,16.670
2461.005,5.00384,0.76696,90,28.0,16.670
2462.005,5.01129,0.53636,90,28.0,16.670
2463.005,5.01383,0.30658,90,28.0,16.670
2464.005,5.01149,0.07783,90,28.0,16.670
2465.005,5.00431,-0.14966,90,28.0,16.670
2466.005,5.00363,0.76725,90,28.0,16.670
2467.005,5.01108,0.53666,90,28.0,16.670
2468.005,5.01363,0.30688,90,28.0,16.670
2469.005,5.01130,0.07814,90,28.0,16.670
2470.005,5.00413,-0.14934,90,28.0,16.670
2471.005,5.00345,0.76757,90,28.0,16.670
2472.005,5.01091,0.53699,90,28.0,16.670
2473.005,5.01347,0.30722,90,28.0,16.670
2474.005,5.01115,0.07848,90,28.0,16.670
2475.005,5.00398,-0.14900,90,28.0,16.670
2476.005,5.00331,0.76792,90,28.0,16.670
2477.005,5.01078,0.53734,90,28.0,16.670
2478.005,5.01334,0.30758,90,28.0,16.670
2479.005,5.01103,0.07885,90,28.0,16.670
2480.005,5.00387,-0.14863,90,28.0,16.670
2481.005,5.00321,0.76829,90,28.0,16.670
2482.005,5.01069,0.53771,90,28.0,16.670
2483.005,5.01326,0.30795,90,28.0,16.670
2484.005,5.01095,0.07923,90,28.0,16.670
2485.005,5.00380,-0.14825,90,28.0,16.670
2486.005,5.00315,0.76867,90,28.0,16.670
2487.005,5.01063,0.53810,90,28.0,16.670
2488.005,5.01321,0.30833,90,28.0,16.670
2489.005,5.01092,0.07961,90,28.0,16.670
2490.005,5.00377,-0.14787,90,28.0,16.670
2491.005,5.00313,0.76905,90,28.0,16.670
2492.005,5.01062,0.53848,90,28.0,16.670
2493.005,5.01321,0.30871,90,28.0,16.670
2494.005,5.01092,0.07998,90,28.0,16.670
2495.005,5.00378,-0.14749,90,28.0,16.670
2496.005,5.00315,0.76943,90,28.0,16.670
2497.005,5.01065,0.53884,90,28.0,16.670
2498.005,5.01325,0.30908,90,28.0,16.670
2499.005,5.01096,0.08035,90,28.0,16.670
2500.005,5.00384,-0.14713,90,28.0,16.670
2501.005,4.95123,0.75812,89,28.0,1.667
2502.005,4.90202,0.53122,89,28.0,1.667
2503.005,4.84868,0.30767,89,28.0,1.667
2504.005,4.79133,0.08765,89,28.0,1.667
2505.005,4.73010,-0.12868,89,28.0,1.667
2506.005,4.67638,0.81449,153,28.0,1.667
2507.005,4.64358,1.38614,153,28.0,1.667
2508.005,4.61167,1.16995,153,28.0,1.667
2509.005,4.57563,0.95629,153,28.0,1.667
2510.005,4.53555,0.74533,153,28.0,1.667
2511.005,4.50283,1.69288,141,28.0,1.667
2512.005,4.48940,2.11554,141,28.0,1.667
2513.005,4.47491,1.90265,141,28.0,1.667
2514.005,4.45612,1.69148,141,28.0,1.667
2515.005,4.43312,1.48221,141,28.0,1.667
2516.005,4.41729,2.43069,125,28.0,1.667
2517.005,4.41802,2.65044,125,28.0,1.667
2518.005,4.41575,2.43808,125,28.0,1.667
2519.005,4.40903,2.22689,125,28.0,1.667
2520.005,4.39795,2.01707,125,28.0,1.667
2521.005,4.39386,2.96445,113,28.0,1.667
2522.005,4.40382,3.03038,113,28.0,1.667
2523.005,4.40975,2.81676,113,28.0,1.667
2524.005,4.41109,2.60395,113,28.0,1.667
2525.005,4.40793,2.39214,113,28.0,1.667
2526.005,4.41162,3.33720,105,28.0,1.667
2527.005,4.42744,3.29905,105,28.0,1.667
2528.005,4.43872,3.08302,105,28.0,1.667
2529.005,4.44530,2.86757,105,28.0,1.667
2530.005,4.44725,2.65289,105,28.0,1.667
2531.005,4.45592,3.59487,99,28.0,1.667
2532.005,4.47515,3.47741,99,28.0,1.667
2533.005,4.48957,3.25834,99,28.0,1.667
2534.005,4.49917,3.03971,99,28.0,1.667
2535.005,4.50404,2.82175,99,28.0,1.667
2536.005,4.51553,3.76033,96,28.0,1.667
2537.005,4.53670,3.60134,96,28.0,1.667
2538.005,4.55292,3.37888,96,28.0,1.667
2539.005,4.56424,3.15680,96,28.0,1.667
2540.005,4.57072,2.93532,96,28.0,1.667
2541.005,4.58373,3.87032,93,28.0,1.667
2542.005,4.60554,3.66971,93,28.0,1.667
2543.005,4.62229,3.44380,93,28.0,1.667
2544.005,4.63407,3.21827,93,28.0,1.667
2545.005,4.64093,2.99333,93,28.0,1.667
2546.005,4.65423,3.92488,92,28.0,1.667
2547.005,4.67599,3.70816,92,28.0,1.667
2548.005,4.69264,3.47888,92,28.0,1.667
2549.005,4.70422,3.25000,92,28.0,1.667
2550.005,4.71083,3.02175,92,28.0,1.667
2551.005,4.72381,3.95000,91,28.0,1.667
2552.005,4.74492,3.71736,91,28.0,1.667
2553.005,4.76085,3.48493,91,28.0,1.667
2554.005,4.77166,3.25294,91,28.0,1.667
2555.005,4.77744,3.02164,91,28.0,1.667
2556.005,4.78955,3.94689,91,28.0,1.667
2557.005,4.80973,3.71130,91,28.0,1.667
2558.005,4.82467,3.47598,91,28.0,1.667
2559.005,4.83446,3.24116,91,28.0,1.667
2560.005,4.83916,3.00708,91,28.0,1.667
2561.005,4.85015,3.92963,91,28.0,1.667
2562.005,4.86916,3.69139,91,28.0,1.667
2563.005,4.88291,3.45350,91,28.0,1.667
2564.005,4.89145,3.21617,91,28.0,1.667
2565.005,4.89488,2.97965,91,28.0,1.667
2566.005,4.90455,3.89982,91,28.0,1.667
2567.005,4.92223,3.65928,91,28.0,1.667
2568.005,4.93459,3.41915,91,28.0,1.667
2569.005,4.94173,3.17967,91,28.0,1.667
2570.005,4.94373,2.94107,91,28.0,1.667
2571.005,4.95194,3.85923,92,28.0,1.667
2572.005,4.96840,3.62943,92,28.0,1.667
2573.005,4.97953,3.38737,92,28.0,1.667
2574.005,4.98541,3.14602,92,28.0,1.667
2575.005,4.98612,2.90561,92,28.0,1.667
2576.005,4.99303,3.82204,92,28.0,1.667
2577.005,5.00817,3.59057,92,28.0,1.667
2578.005,5.01796,3.34692,92,28.0,1.667
2579.005,5.02247,3.10404,92,28.0,1.667
2580.005,5.02181,2.86218,92,28.0,1.667
2581.005,5.02733,3.77722,93,28.0,1.667
2582.005,5.04134,3.55709,93,28.0,1.667
2583.005,5.04998,3.31211,93,28.0,1.667
2584.005,5.05335,3.06796,93,28.0,1.667
2585.005,5.05152,2.82489,93,28.0,1.667
2586.005,5.05586,3.73878,93,28.0,1.667
2587.005,5.06868,3.51756,93,28.0,1.667
2588.005,5.07613,3.27154,93,28.0,1.667
2589.005,5.07829,3.02642,93,28.0,1.667
2590.005,5.07526,2.78243,93,28.0,1.667
2591.005,5.07840,3.69546,94,28.0,1.667
2592.005,5.09027,3.48611,94,28.0,1.667
2593.005,5.09677,3.23928,94,28.0,1.667
2594.005,5.09798,2.99339,94,28.0,1.667
2595.005,5.09399,2.74868,94,28.0,1.667
2596.005,5.09617,3.66103,94,28.0,1.667
2597.005,5.10708,3.45105,94,28.0,1.667
2598.005,5.11262,3.20364,94,28.0,1.667
2599.005,5.11287,2.95721,94,28.0,1.667
2600.005,5.10792,2.71201,94,28.0,1.667
2601.005,5.10914,3.62392,95,28.0,1.667
2602.005,5.11936,3.42621,95,28.0,1.667
2603.005,5.12422,3.17837,95,28.0,1.667
2604.005,5.12379,2.93155,95,28.0,1.667
2605.005,5.11815,2.68598,95,28.0,1.667
2606.005,5.11869,3.59757,95,28.0,1.667
2607.005,5.12822,3.39955,95,28.0,1.667
2608.005,5.13240,3.15145,95,28.0,1.667
2609.005,5.13129,2.90439,95,28.0,1.667
2610.005,5.12499,2.65862,95,28.0,1.667
2611.005,5.12486,3.57004,95,28.0,1.667
2612.005,5.13373,3.37188,95,28.0,1.667
2613.005,5.13725,3.12367,95,28.0,1.667
2614.005,5.13549,2.87653,95,28.0,1.667
2615.005,5.12854,2.63072,95,28.0,1.667
2616.005,5.12778,3.54211,96,28.0,1.667
2617.005,5.13628,3.35663,96,28.0,1.667
2618.005,5.13945,3.10837,96,28.0,1.667
2619.005,5.13734,2.86122,96,28.0,1.667
2620.005,5.13004,2.61539,96,28.0,1.667
2621.005,5.12893,3.52679,96,28.0,1.667
2622.005,5.13710,3.34134,96,28.0,1.667
2623.005,5.13994,3.09313,96,28.0,1.667
2624.005,5.13750,2.84602,96,28.0,1.667
2625.005,5.12988,2.60027,96,28.0,1.667
2626.005,5.12845,3.51175,96,28.0,1.667
2627.005,5.13631,3.32640,96,28.0,1.667
2628.005,5.13884,3.07829,96,28.0,1.667
2629.005,5.13610,2.83131,96,28.0,1.667
2630.005,5.12819,2.58570,96,28.0,1.667
2631.005,5.12648,3.49733,96,28.0,1.667
2632.005,5.13406,3.31214,96,28.0,1.667
2633.005,5.13631,3.06420,96,28.0,1.667
2634.005,5.13331,2.81741,96,28.0,1.667
2635.005,5.12515,2.57199,96,28.0,1.667
2636.005,5.12319,3.48383,96,28.0,1.667
2637.005,5.13052,3.29885,96,28.0,1.667
2638.005,5.13255,3.05114,96,28.0,1.667
2639.005,5.12932,2.80458,96,28.0,1.667
2640.005,5.12093,2.55941,96,28.0,1.667
2641.005,5.11876,3.47150,97,28.0,1.667
2642.005,5.12615,3.29945,97,28.0,1.667
2643.005,5.12825,3.05193,97,28.0,1.667
2644.005,5.12509,2.80556,97,28.0,1.667
2645.005,5.11679,2.56057,97,28.0,1.667
2646.005,5.11469,3.47285,96,28.0,1.667
2647.005,5.12191,3.28831,96,28.0,1.667
2648.005,5.12383,3.04104,96,28.0,1.667
2649.005,5.12050,2.79492,96,28.0,1.667
2650.005,5.11203,2.55019,96,28.0,1.667
2651.005,5.10978,3.46273,96,28.0,1.667
2652.005,5.11685,3.27846,96,28.0,1.667
2653.005,5.11862,3.03147,96,28.0,1.667
2654.005,5.11516,2.78564,96,28.0,1.667
2655.005,5.10657,2.54120,96,28.0,1.667
2656.005,5.10420,3.45403,96,28.0,1.667
2657.005,5.11116,3.27005,96,28.0,1.667
2658.005,5.11283,3.02336,96,28.0,1.667
2659.005,5.10928,2.77783,96,28.0,1.667
2660.005,5.10059,2.53369,96,28.0,1.667
2661.005,5.09815,3.44683,96,28.0,1.667
2662.005,5.10503,3.26316,96,28.0,1.667
2663.005,5.10664,3.01678,96,28.0,1.667
2664.005,5.10303,2.77156,96,28.0,1.667
2665.005,5.09429,2.52774,96,28.0,1.667
2666.005,5.09181,3.44119,96,28.0,1.667
2667.005,5.09866,3.25784,96,28.0,1.667
2668.005,5.10024,3.01177,96,28.0,1.667
2669.005,5.09660,2.76687,96,28.0,1.667
2670.005,5.08785,2.52335,96,28.0,1.667
2671.005,5.08536,3.43711,96,28.0,1.667
2672.005,5.09221,3.25407,96,28.0,1.667
2673.005,5.09379,3.00832,96,28.0,1.667
2674.005,5.09017,2.76372,96,28.0,1.667
2675.005,5.08144,2.52051,96,28.0,1.667
2676.005,5.07897,3.43458,96,28.0,1.667
2677.005,5.08585,3.25184,96,28.0,1.667
2678.005,5.08747,3.00638,96,28.0,1.667
2679.005,5.08389,2.76208,96,28.0,1.667
2680.005,5.07521,2.51916,96,28.0,1.667
2681.005,5.07279,3.43351,96,28.0,1.667
2682.005,5.07973,3.25106,96,28.0,1.667
2683.005,5.08142,3.00588,96,28.0,1.667
2684.005,5.07791,2.76185,96,28.0,1.667
2685.005,5.06930,2.51920,96,28.0,1.667
2686.005,5.06696,3.43382,96,28.0,1.667
2687.005,5.07398,3.25163,96,28.0,1.667
2688.005,5.07576,3.00670,96,28.0,1.667
2689.005,5.07234,2.76293,96,28.0,1.667
2690.005,5.06383,2.52053,96,28.0,1.667
2691.005,5.06159,3.43538,96,28.0,1.667
2692.005,5.06871,3.25343,96,28.0,1.667
2693.005,5.07059,3.00873,96,28.0,1.667
2694.005,5.06729,2.76518,96,28.0,1.667
2695.005,5.05889,2.52299,96,28.0,1.667
2696.005,5.05677,3.43806,95,28.0,1.667
2697.005,5.06376,3.24364,95,28.0,1.667
2698.005,5.06549,2.99922,95,28.0,1.667
2699.005,5.06205,2.75594,95,28.0,1.667
2700.005,5.05353,2.51404,95,28.0,1.667
2701.005,5.05129,3.42939,96,28.0,1.667
2702.005,5.05843,3.24793,96,28.0,1.667
2703.005,5.06032,3.00372,96,28.0,1.667
2704.005,5.05705,2.76066,96,28.0,1.667
2705.005,5.04869,2.51896,96,28.0,1.667
2706.005,5.04662,3.43450,96,28.0,1.667
2707.005,5.05392,3.25322,96,28.0,1.667
2708.005,5.05599,3.00920,96,28.0,1.667
2709.005,5.05289,2.76630,96,28.0,1.667
2710.005,5.04470,2.52476,96,28.0,1.667
2711.005,5.04280,3.44046,95,28.0,1.667
2712.005,5.05003,3.24665,95,28.0,1.667
2713.005,5.05201,3.00283,95,28.0,1.667
2714.005,5.04882,2.76014,95,28.0,1.667
2715.005,5.04056,2.51882,95,28.0,1.667
2716.005,5.03859,3.43473,95,28.0,1.667
2717.005,5.04575,3.24115,95,28.0,1.667
2718.005,5.04767,2.99755,95,28.0,1.667
2719.005,5.04443,2.75508,95,28.0,1.667
2720.005,5.03612,2.51398,95,28.0,1.667
2721.005,5.03411,3.43012,95,28.0,1.667
2722.005,5.04123,3.23676,95,28.0,1.667
2723.005,5.04312,2.99338,95,28.0,1.667
2724.005,5.03985,2.75114,95,28.0,1.667
2725.005,5.03152,2.51026,95,28.0,1.667
2726.005,5.02949,3.42663,95,28.0,1.667
2727.005,5.03660,3.23350,95,28.0,1.667
2728.005,5.03848,2.99035,95,28.0,1.667
2729.005,5.03521,2.74833,95,28.0,1.667
2730.005,5.02687,2.50768,95,28.0,1.667
2731.005,5.02485,3.42427,96,28.0,1.667
2732.005,5.03223,3.24402,96,28.0,1.667
2733.005,5.03439,3.00101,96,28.0,1.667
2734.005,5.03140,2.75913,96,28.0,1.667
2735.005,5.02334,2.51859,96,28.0,1.667
2736.005,5.02160,3.43529,96,28.0,1.667
2737.005,5.02925,3.25513,96,28.0,1.667
2738.005,5.03168,3.01220,96,28.0,1.667
2739.005,5.02896,2.77039,96,28.0,1.667
2740.005,5.02118,2.52990,96,28.0,1.667
2741.005,5.01970,3.44663,95,28.0,1.667
2742.005,5.02736,3.25384,95,28.0,1.667
2743.005,5.02979,3.01101,95,28.0,1.667
2744.005,5.02707,2.76928,95,28.0,1.667
2745.005,5.01928,2.52889,95,28.0,1.667
2746.005,5.01781,3.44571,95,28.0,1.667
2747.005,5.02547,3.25301,95,28.0,1.667
2748.005,5.02791,3.01026,95,28.0,1.667
2749.005,5.02520,2.76862,95,28.0,1.667
2750.005,5.01743,2.52832,95,28.0,1.667
2751.005,5.01596,3.44523,95,28.0,1.667
2752.005,5.02364,3.25261,95,28.0,1.667
2753.005,5.02610,3.00995,95,28.0,1.667
2754.005,5.02340,2.76839,95,28.0,1.667
2755.005,5.01565,2.52817,95,28.0,1.667
2756.005,5.01421,3.44516,95,28.0,1.667
2757.005,5.02191,3.25262,95,28.0,1.667
2758.005,5.02438,3.01004,95,28.0,1.667
2759.005,5.02171,2.76856,95,28.0,1.667
2760.005,5.01399,2.52841,95,28.0,1.667
2761.005,5.01257,3.44548,95,28.0,1.667
2762.005,5.02030,3.25301,95,28.0,1.667
2763.005,5.02281,3.01050,95,28.0,1.667
2764.005,5.02017,2.76909,95,28.0,1.667
2765.005,5.01247,2.52901,95,28.0,1.667
2766.005,5.01109,3.44614,95,28.0,1.667
2767.005,5.01885,3.25373,95,28.0,1.667
2768.005,5.02139,3.01128,95,28.0,1.667
2769.005,5.01878,2.76993,95,28.0,1.667
2770.005,5.01112,2.52991,95,28.0,1.667
2771.005,5.00978,3.44710,95,28.0,1.667
2772.005,5.01758,3.25475,95,28.0,1.667
2773.005,5.02016,3.01235,95,28.0,1.667
2774.005,5.01759,2.77105,95,28.0,1.667
2775.005,5.00997,2.53107,95,28.0,1.667
2776.005,5.00866,3.44831,95,28.0,1.667
2777.005,5.01650,3.25600,95,28.0,1.667
2778.005,5.01912,3.01365,95,28.0,1.667
2779.005,5.01660,2.77239,95,28.0,1.667
2780.005,5.00902,2.53245,95,28.0,1.667
2781.005,5.00775,3.44972,95,28.0,1.667
2782.005,5.01563,3.25745,95,28.0,1.667
2783.005,5.01830,3.01512,95,28.0,1.667
2784.005,5.01581,2.77389,95,28.0,1.667
2785.005,5.00828,2.53398,95,28.0,1.667
2786.005,5.00705,3.45128,95,28.0,1.667
2787.005,5.01497,3.25903,95,28.0,1.667
2788.005,5.01768,3.01673,95,28.0,1.667
2789.005,5.01524,2.77552,95,28.0,1.667
2790.005,5.00774,2.53563,95,28.0,1.667
2791.005,5.00656,3.45294,95,28.0,1.667
2792.005,5.01453,3.26070,95,28.0,1.667
2793.005,5.01727,3.01841,95,28.0,1.667
2794.005,5.01487,2.77721,95,28.0,1.667
2795.005,5.00742,2.53733,95,28.0,1.667
2796.005,5.00628,3.45465,95,28.0,1.667
2797.005,5.01428,3.26242,95,28.0,1.667
2798.005,5.01706,3.02013,95,28.0,1.667
2799.005,5.01470,2.77893,95,28.0,1.667
2800.005,5.00729,2.53905,95,28.0,1.667
2801.005,5.00618,3.45636,95,28.0,1.667
2802.005,5.01422,3.26413,95,28.0,1.667
2803.005,5.01705,3.02183,95,28.0,1.667
2804.005,5.01472,2.78062,95,28.0,1.667
2805.005,5.00734,2.54073,95,28.0,1.667
2806.005,5.00627,3.45803,95,28.0,1.667
2807.005,5.01435,3.26579,95,28.0,1.667
2808.005,5.01720,3.02348,95,28.0,1.667
2809.005,5.01491,2.78226,95,28.0,1.667
2810.005,5.00756,2.54235,95,28.0,1.667
2811.005,5.00652,3.45963,95,28.0,1.667
2812.005,5.01463,3.26737,95,28.0,1.667
2813.005,5.01752,3.02504,95,28.0,1.667
2814.005,5.01525,2.78379,95,28.0,1.667
2815.005,5.00793,2.54386,95,28.0,1.667
2816.005,5.00692,3.46112,94,28.0,1.667
2817.005,5.01479,3.25616,94,28.0,1.667
2818.005,5.01744,3.01388,94,28.0,1.667
2819.005,5.01494,2.77270,94,28.0,1.667
2820.005,5.00739,2.53283,94,28.0,1.667
2821.005,5.00615,3.45018,95,28.0,1.667
2822.005,5.01406,3.25797,95,28.0,1.667
2823.005,5.01676,3.01572,95,28.0,1.667
2824.005,5.01431,2.77455,95,28.0,1.667
2825.005,5.00681,2.53471,95,28.0,1.667
2826.005,5.00562,3.45207,95,28.0,1.667
2827.005,5.01357,3.25988,95,28.0,1.667
2828.005,5.01632,3.01764,95,28.0,1.667
2829.005,5.01391,2.77648,95,28.0,1.667
2830.005,5.00645,2.53665,95,28.0,1.667
2831.005,5.00531,3.45401,95,28.0,1.667
2832.005,5.01331,3.26183,95,28.0,1.667
2833.005,5.01610,3.01959,95,28.0,1.667
2834.005,5.01374,2.77843,95,28.0,1.667
2835.005,5.00633,2.53859,95,28.0,1.667
2836.005,5.00523,3.45595,95,28.0,1.667
2837.005,5.01327,3.26376,95,28.0,1.667
2838.005,5.01610,3.02152,95,28.0,1.667
2839.005,5.01378,2.78035,95,28.0,1.667
2840.005,5.00640,2.54050,95,28.0,1.667
2841.005,5.00534,3.45785,95,28.0,1.667
2842.005,5.01343,3.26565,95,28.0,1.667
2843.005,5.01629,3.02338,95,28.0,1.667
2844.005,5.01401,2.78220,95,28.0,1.667
2845.005,5.00667,2.54233,95,28.0,1.667
2846.005,5.00565,3.45965,95,28.0,1.667
2847.005,5.01376,3.26743,95,28.0,1.667
2848.005,5.01666,3.02514,95,28.0,1.667
2849.005,5.01441,2.78393,95,28.0,1.667
2850.005,5.00710,2.54404,95,28.0,1.667
2851.005,5.00611,3.46133,95,28.0,1.667
2852.005,5.01425,3.26908,95,28.0,1.667
2853.005,5.01718,3.02676,95,28.0,1.667
2854.005,5.01496,2.78552,95,28.0,1.667
2855.005,5.00768,2.54559,95,28.0,1.667
2856.005,5.00671,3.46285,95,28.0,1.667
2857.005,5.01488,3.27056,95,28.0,1.667
2858.005,5.01783,3.02821,95,28.0,1.667
2859.005,5.01563,2.78693,95,28.0,1.667
2860.005,5.00837,2.54697,95,28.0,1.667
2861.005,5.00742,3.46419,94,28.0,1.667
2862.005,5.01535,3.25920,94,28.0,1.667
2863.005,5.01805,3.01688,94,28.0,1.667
2864.005,5.01561,2.77565,94,28.0,1.667
2865.005,5.00811,2.53574,94,28.0,1.667
2866.005,5.00693,3.45304,95,28.0,1.667
2867.005,5.01489,3.26079,95,28.0,1.667
2868.005,5.01763,3.01848,95,28.0,1.667
2869.005,5.01523,2.77726,95,28.0,1.667
2870.005,5.00777,2.53736,95,28.0,1.667
2871.005,5.00662,3.45466,95,28.0,1.667
2872.005,5.01462,3.26242,95,28.0,1.667
2873.005,5.01740,3.02011,95,28.0,1.667
2874.005,5.01504,2.77890,95,28.0,1.667
2875.005,5.00761,2.53900,95,28.0,1.667
2876.005,5.00651,3.45630,95,28.0,1.667
2877.005,5.01454,3.26405,95,28.0,1.667
2878.005,5.01736,3.02174,95,28.0,1.667
2879.005,5.01503,2.78052,95,28.0,1.667
2880.005,5.00764,2.54062,95,28.0,1.667
2881.005,5.00657,3.45791,95,28.0,1.667
2882.005,5.01463,3.26565,95,28.0,1.667
2883.005,5.01748,3.02333,95,28.0,1.667
2884.005,5.01518,2.78209,95,28.0,1.667
2885.005,5.00783,2.54217,95,28.0,1.667
2886.005,5.00678,3.45945,94,28.0,1.667
2887.005,5.01462,3.25450,94,28.0,1.667
2888.005,5.01723,3.01224,94,28.0,1.667
2889.005,5.01471,2.77107,94,28.0,1.667
2890.005,5.00712,2.53123,94,28.0,1.667
2891.005,5.00586,3.44859,95,28.0,1.667
2892.005,5.01374,3.25641,95,28.0,1.667
2893.005,5.01640,3.01417,95,28.0,1.667
2894.005,5.01393,2.77303,95,28.0,1.667
2895.005,5.00639,2.53321,95,28.0,1.667
2896.005,5.00518,3.45060,95,28.0,1.667
2897.005,5.01311,3.25844,95,28.0,1.667
2898.005,5.01583,3.01622,95,28.0,1.667
2899.005,5.01340,2.77510,95,28.0,1.667
2900.005,5.00592,2.53529,95,28.0,1.667
2901.005,5.00476,3.45269,95,28.0,1.667
2902.005,5.01274,3.26053,95,28.0,1.667
2903.005,5.01551,3.01832,95,28.0,1.667
2904.005,5.01313,2.77720,95,28.0,1.667
2905.005,5.00570,2.53740,95,28.0,1.667
2906.005,5.00458,3.45479,95,28.0,1.667
2907.005,5.01261,3.26264,95,28.0,1.667
2908.005,5.01542,3.02043,95,28.0,1.667
2909.005,5.01309,2.77930,95,28.0,1.667
2910.005,5.00570,2.53949,95,28.0,1.667
2911.005,5.00463,3.45687,95,28.0,1.667
2912.005,5.01270,3.26470,95,28.0,1.667
2913.005,5.01555,3.02247,95,28.0,1.667
2914.005,5.01326,2.78133,95,28.0,1.667
2915.005,5.00591,2.54150,95,28.0,1.667
2916.005,5.00488,3.45886,94,28.0,1.667
2917.005,5.01273,3.25401,94,28.0,1.667
2918.005,5.01536,3.01183,94,28.0,1.667
2919.005,5.01285,2.77075,94,28.0,1.667
2920.005,5.00528,2.53099,94,28.0,1.667
2921.005,5.00403,3.44844,95,28.0,1.667
2922.005,5.01194,3.25634,95,28.0,1.667
2923.005,5.01462,3.01419,95,28.0,1.667
2924.005,5.01217,2.77313,95,28.0,1.667
2925.005,5.00466,2.53339,95,28.0,1.667
2926.005,5.00348,3.45085,95,28.0,1.667
2927.005,5.01144,3.25876,95,28.0,1.667
2928.005,5.01418,3.01662,95,28.0,1.667
2929.005,5.01179,2.77557,95,28.0,1.667
2930.005,5.00434,2.53583,95,28.0,1.667
2931.005,5.00321,3.45330,95,28.0,1.667
2932.005,5.01122,3.26121,95,28.0,1.667
2933.005,5.01402,3.01907,95,28.0,1.667
2934.005,5.01168,2.77801,95,28.0,1.667
2935.005,5.00428,2.53827,95,28.0,1.667
2936.005,5.00320,3.45572,95,28.0,1.667
2937.005,5.01127,3.26362,95,28.0,1.667
2938.005,5.01412,3.02147,95,28.0,1.667
2939.005,5.01182,2.78039,95,28.0,1.667
2940.005,5.00448,2.54063,95,28.0,1.667
2941.005,5.00344,3.45806,94,28.0,1.667
2942.005,5.01130,3.25328,94,28.0,1.667
2943.005,5.01393,3.01117,94,28.0,1.667
2944.005,5.01142,2.77016,94,28.0,1.667
2945.005,5.00386,2.53047,94,28.0,1.667
2946.005,5.00262,3.44798,94,28.0,1.667
2947.005,5.01027,3.24328,94,28.0,1.667
2948.005,5.01271,3.00127,94,28.0,1.667
2949.005,5.01001,2.76036,94,28.0,1.667
2950.005,5.00226,2.52078,94,28.0,1.667
2951.005,5.00084,3.43841,95,28.0,1.667
2952.005,5.00857,3.24651,95,28.0,1.667
2953.005,5.01109,3.00456,95,28.0,1.667
2954.005,5.00848,2.76370,95,28.0,1.667
2955.005,5.00083,2.52418,95,28.0,1.667
2956.005,4.99950,3.44186,95,28.0,1.667
2957.005,5.00732,3.25000,95,28.0,1.667
2958.005,5.00993,3.00808,95,28.0,1.667
2959.005,5.00741,2.76727,95,28.0,1.667
2960.005,4.99985,2.52777,95,28.0,1.667
2961.005,4.99860,3.44547,95,28.0,1.667
2962.005,5.00651,3.25364,95,28.0,1.667
2963.005,5.00922,3.01174,95,28.0,1.667
2964.005,5.00678,2.77094,95,28.0,1.667
2965.005,4.99930,2.53145,95,28.0,1.667
2966.005,4.99814,3.44916,95,28.0,1.667
2967.005,5.00614,3.25733,95,28.0,1.667
2968.005,5.00892,3.01543,95,28.0,1.667
2969.005,5.00657,2.77462,95,28.0,1.667
2970.005,4.99917,2.53513,95,28.0,1.667
2971.005,4.99809,3.45283,95,28.0,1.667
2972.005,5.00616,3.26097,95,28.0,1.667
2973.005,5.00903,3.01906,95,28.0,1.667
2974.005,5.00675,2.77823,95,28.0,1.667
2975.005,4.99942,2.53871,95,28.0,1.667
2976.005,4.99842,3.45638,95,28.0,1.667
2977.005,5.00656,3.26449,95,28.0,1.667
2978.005,5.00949,3.02254,95,28.0,1.667
2979.005,5.00728,2.78167,95,28.0,1.667
2980.005,5.00002,2.54211,95,28.0,1.667
2981.005,4.99908,3.45973,94,28.0,1.667
2982.005,5.00702,3.25514,94,28.0,1.667
2983.005,5.00975,3.01321,94,28.0,1.667
2984.005,5.00734,2.77238,94,28.0,1.667
2985.005,4.99988,2.53286,94,28.0,1.667
2986.005,4.99874,3.45054,95,28.0,1.667
2987.005,5.00676,3.25867,95,28.0,1.667
2988.005,5.00956,3.01674,95,28.0,1.667
2989.005,5.00723,2.77589,95,28.0,1.667
2990.005,4.99985,2.53636,95,28.0,1.667
2991.005,4.99879,3.45402,95,28.0,1.667
2992.005,5.00687,3.26213,95,28.0,1.667
2993.005,5.00975,3.02018,95,28.0,1.667
2994.005,5.00749,2.77931,95,28.0,1.667
2995.005,5.00017,2.53975,95,28.0,1.667
2996.005,4.99918,3.45738,94,28.0,1.667
2997.005,5.00707,3.25279,94,28.0,1.667
2998.005,5.00975,3.01088,94,28.0,1.667
2999.005,5.00729,2.77005,94,28.0,1.667
3000.005,4.99979,2.53055,94,28.0,1.667
3001.005,4.99860,3.44824,95,28.0,1.667
3002.005,5.00657,3.25639,95,28.0,1.667
3003.005,5.00933,3.01448,95,28.0,1.667
3004.005,5.00695,2.77366,95,28.0,1.667
3005.005,4.99953,2.53415,95,28.0,1.667
3006.005,4.99842,3.45184,95,28.0,1.667
3007.005,5.00647,3.25997,95,28.0,1.667
3008.005,5.00931,3.01805,95,28.0,1.667
3009.005,5.00700,2.77721,95,28.0,1.667
3010.005,4.99965,2.53768,95,28.0,1.667
3011.005,4.99862,3.45535,95,28.0,1.667
3012.005,5.00674,3.26346,95,28.0,1.667
3013.005,5.00965,3.02150,95,28.0,1.667
3014.005,5.00741,2.78063,95,28.0,1.667
3015.005,5.00013,2.54107,95,28.0,1.667
3016.005,4.99916,3.45869,94,28.0,1.667
3017.005,5.00708,3.25410,94,28.0,1.667
3018.005,5.00979,3.01218,94,28.0,1.667
3019.005,5.00736,2.77135,94,28.0,1.667
3020.005,4.99988,2.53183,94,28.0,1.667
3021.005,4.99872,3.44951,95,28.0,1.667
3022.005,5.00671,3.25765,95,28.0,1.667
3023.005,5.00950,3.01573,95,28.0,1.667
3024.005,5.00714,2.77489,95,28.0,1.667
3025.005,4.99974,2.53537,95,28.0,1.667
3026.005,4.99866,3.45304,95,28.0,1.667
3027.005,5.00673,3.26116,95,28.0,1.667
3028.005,5.00959,3.01922,95,28.0,1.667
3029.005,5.00731,2.77836,95,28.0,1.667
3030.005,4.99997,2.53881,95,28.0,1.667
3031.005,4.99896,3.45646,94,28.0,1.667
3032.005,5.00684,3.25188,94,28.0,1.667
3033.005,5.00950,3.00998,94,28.0,1.667
3034.005,5.00703,2.76918,94,28.0,1.667
3035.005,4.99950,2.52969,94,28.0,1.667
3036.005,4.99831,3.44740,95,28.0,1.667
3037.005,5.00626,3.25556,95,28.0,1.667
3038.005,5.00901,3.01367,95,28.0,1.667
3039.005,5.00662,2.77287,95,28.0,1.667
3040.005,4.99918,2.53338,95,28.0,1.667
3041.005,4.99806,3.45109,95,28.0,1.667
3042.005,5.00610,3.25924,95,28.0,1.667
3043.005,5.00893,3.01734,95,28.0,1.667
3044.005,5.00661,2.77652,95,28.0,1.667
3045.005,4.99925,2.53701,95,28.0,1.667
3046.005,4.99821,3.45470,95,28.0,1.667
3047.005,5.00632,3.26283,95,28.0,1.667
3048.005,5.00922,3.02090,95,28.0,1.667
3049.005,5.00698,2.78005,95,28.0,1.667
3050.005,4.99969,2.54051,95,28.0,1.667
3051.005,4.99872,3.45816,95,28.0,1.667
3052.005,5.00689,3.26625,95,28.0,1.667
3053.005,5.00986,3.02428,95,28.0,1.667
3054.005,5.00768,2.78338,95,28.0,1.667
3055.005,5.00045,2.54379,95,28.0,1.667
3056.005,4.99954,3.46139,94,28.0,1.667
3057.005,5.00751,3.25676,94,28.0,1.667
3058.005,5.01027,3.01481,94,28.0,1.667
3059.005,5.00788,2.77394,94,28.0,1.667
3060.005,5.00045,2.53439,94,28.0,1.667
3061.005,4.99934,3.45204,95,28.0,1.667
3062.005,5.00738,3.26013,95,28.0,1.667
3063.005,5.01021,3.01817,95,28.0,1.667
3064.005,5.00789,2.77729,95,28.0,1.667
3065.005,5.00053,2.53772,95,28.0,1.667
3066.005,4.99949,3.45534,95,28.0,1.667
3067.005,5.00760,3.26342,95,28.0,1.667
3068.005,5.01049,3.02142,95,28.0,1.667
3069.005,5.00825,2.78051,95,28.0,1.667
3070.005,5.00095,2.54091,95,28.0,1.667
3071.005,4.99997,3.45850,95,28.0,1.667
3072.005,5.00813,3.26654,95,28.0,1.667
3073.005,5.01109,3.02451,95,28.0,1.667
3074.005,5.00890,2.78355,95,28.0,1.667
3075.005,5.00165,2.54391,95,28.0,1.667
3076.005,5.00073,3.46145,95,28.0,1.667
3077.005,5.00895,3.26944,95,28.0,1.667
3078.005,5.01195,3.02736,95,28.0,1.667
3079.005,5.00981,2.78635,95,28.0,1.667
3080.005,5.00262,2.54665,95,28.0,1.667
3081.005,5.00173,3.46414,94,28.0,1.667
3082.005,5.00974,3.25940,94,28.0,1.667
3083.005,5.01252,3.01733,94,28.0,1.667
3084.005,5.01016,2.77635,94,28.0,1.667
3085.005,5.00275,2.53668,94,28.0,1.667
3086.005,5.00165,3.45421,95,28.0,1.667
3087.005,5.00971,3.26219,95,28.0,1.667
3088.005,5.01255,3.02011,95,28.0,1.667
3089.005,5.01025,2.77912,95,28.0,1.667
3090.005,5.00289,2.53943,95,28.0,1.667
3091.005,5.00186,3.45694,95,28.0,1.667
3092.005,5.00997,3.26490,95,28.0,1.667
3093.005,5.01286,3.02279,95,28.0,1.667
3094.005,5.01061,2.78177,95,28.0,1.667
3095.005,5.00331,2.54206,95,28.0,1.667
3096.005,5.00232,3.45953,95,28.0,1.667
3097.005,5.01048,3.26746,95,28.0,1.667
3098.005,5.01342,3.02532,95,28.0,1.667
3099.005,5.01122,2.78425,95,28.0,1.667
3100.005,5.00396,2.54450,95,28.0,1.667
3101.005,5.00302,3.46194,94,28.0,1.667
3102.005,5.01096,3.25715,94,28.0,1.667
3103.005,5.01367,3.01504,94,28.0,1.667
3104.005,5.01125,2.77402,94,28.0,1.667
3105.005,5.00377,2.53431,94,28.0,1.667
3106.005,5.00262,3.45181,95,28.0,1.667
3107.005,5.01061,3.25976,95,28.0,1.667
3108.005,5.01339,3.01765,95,28.0,1.667
3109.005,5.01102,2.77663,95,28.0,1.667
3110.005,5.00361,2.53692,95,28.0,1.667
3111.005,5.00251,3.45441,95,28.0,1.667
3112.005,5.01055,3.26235,95,28.0,1.667
3113.005,5.01339,3.02023,95,28.0,1.667
3114.005,5.01108,2.77920,95,28.0,1.667
3115.005,5.00371,2.53948,95,28.0,1.667
3116.005,5.00267,3.45695,95,28.0,1.667
3117.005,5.01077,3.26487,95,28.0,1.667
3118.005,5.01365,3.02273,95,28.0,1.667
3119.005,5.01139,2.78167,95,28.0,1.667
3120.005,5.00407,2.54192,95,28.0,1.667
3121.005,5.00307,3.45937,94,28.0,1.667
3122.005,5.01096,3.25459,94,28.0,1.667
3123.005,5.01362,3.01249,94,28.0,1.667
3124.005,5.01115,2.77149,94,28.0,1.667
3125.005,5.00362,2.53180,94,28.0,1.667
3126.005,5.00241,3.44932,95,28.0,1.667
3127.005,5.01035,3.25729,95,28.0,1.667
3128.005,5.01308,3.01520,95,28.0,1.667
3129.005,5.01067,2.77421,95,28.0,1.667
3130.005,5.00321,2.53453,95,28.0,1.667
3131.005,5.00206,3.45205,95,28.0,1.667
3132.005,5.01007,3.26002,95,28.0,1.667
3133.005,5.01286,3.01793,95,28.0,1.667
3134.005,5.01050,2.77694,95,28.0,1.667
3135.005,5.00310,2.53725,95,28.0,1.667
3136.005,5.00202,3.45476,95,28.0,1.667
3137.005,5.01008,3.26272,95,28.0,1.667
3138.005,5.01292,3.02062,95,28.0,1.667
3139.005,5.01063,2.77961,95,28.0,1.667
3140.005,5.00328,2.53990,95,28.0,1.667
3141.005,5.00225,3.45739,95,28.0,1.667
3142.005,5.01036,3.26533,95,28.0,1.667
3143.005,5.01326,3.02321,95,28.0,1.667
3144.005,5.01101,2.78216,95,28.0,1.667
3145.005,5.00371,2.54243,95,28.0,1.667
3146.005,5.00273,3.45989,95,28.0,1.667
3147.005,5.01089,3.26779,95,28.0,1.667
3148.005,5.01383,3.02563,95,28.0,1.667
3149.005,5.01163,2.78455,95,28.0,1.667
3150.005,5.00437,2.54477,95,28.0,1.667
3151.005,5.00343,3.46219,94,28.0,1.667
3152.005,5.01137,3.25738,94,28.0,1.667
3153.005,5.01409,3.01525,94,28.0,1.667
3154.005,5.01166,2.77421,94,28.0,1.667
3155.005,5.00419,2.53449,94,28.0,1.667
3156.005,5.00303,3.45196,94,28.0,1.667
3157.005,5.01076,3.24723,94,28.0,1.667
3158.005,5.01327,3.00518,94,28.0,1.667
3159.005,5.01064,2.76422,94,28.0,1.667
3160.005,5.00297,2.52459,94,28.0,1.667
3161.005,5.00162,3.44218,95,28.0,1.667
3162.005,5.00942,3.25022,95,28.0,1.667
3163.005,5.01201,3.00821,95,28.0,1.667
3164.005,5.00947,2.76730,95,28.0,1.667
3165.005,5.00187,2.52771,95,28.0,1.667
3166.005,5.00060,3.44532,95,28.0,1.667
3167.005,5.00848,3.25340,95,28.0,1.667
3168.005,5.01115,3.01141,95,28.0,1.667
3169.005,5.00869,2.77053,95,28.0,1.667
3170.005,5.00117,2.53095,95,28.0,1.667
3171.005,4.99998,3.44858,95,28.0,1.667
3172.005,5.00794,3.25667,95,28.0,1.667
3173.005,5.01069,3.01469,95,28.0,1.667
3174.005,5.00829,2.77381,95,28.0,1.667
3175.005,5.00085,2.53424,95,28.0,1.667
3176.005,4.99973,3.45187,95,28.0,1.667
3177.005,5.00777,3.25995,95,28.0,1.667
3178.005,5.01058,3.01797,95,28.0,1.667
3179.005,5.00826,2.77707,95,28.0,1.667
3180.005,5.00089,2.53748,95,28.0,1.667
3181.005,4.99984,3.45509,95,28.0,1.667
3182.005,5.00794,3.26315,95,28.0,1.667
3183.005,5.01082,3.02115,95,28.0,1.667
3184.005,5.00856,2.78022,95,28.0,1.667
3185.005,5.00126,2.54061,95,28.0,1.667
3186.005,5.00027,3.45819,95,28.0,1.667
3187.005,5.00842,3.26621,95,28.0,1.667
3188.005,5.01137,3.02417,95,28.0,1.667
3189.005,5.00916,2.78320,95,28.0,1.667
3190.005,5.00191,2.54355,95,28.0,1.667
3191.005,5.00097,3.46108,94,28.0,1.667
3192.005,5.00892,3.25639,94,28.0,1.667
3193.005,5.01165,3.01438,94,28.0,1.667
3194.005,5.00924,2.77345,94,28.0,1.667
3195.005,5.00178,2.53384,94,28.0,1.667
3196.005,5.00064,3.45143,95,28.0,1.667
3197.005,5.00865,3.25947,95,28.0,1.667
3198.005,5.01145,3.01745,95,28.0,1.667
3199.005,5.00910,2.77652,95,28.0,1.667
3200.005,5.00171,2.53690,95,28.0,1.667
3201.005,5.00063,3.45447,95,28.0,1.667
3202.005,5.00871,3.26250,95,28.0,1.667
3203.005,5.01157,3.02046,95,28.0,1.667
3204.005,5.00929,2.77951,95,28.0,1.667
3205.005,5.00195,2.53986,95,28.0,1.667
3206.005,5.00094,3.45741,94,28.0,1.667
3207.005,5.00881,3.25274,94,28.0,1.667
3208.005,5.01146,3.01075,94,28.0,1.667
3209.005,5.00898,2.76985,94,28.0,1.667
3210.005,5.00144,2.53027,94,28.0,1.667
3211.005,5.00023,3.44789,95,28.0,1.667
3212.005,5.00817,3.25597,95,28.0,1.667
3213.005,5.01090,3.01399,95,28.0,1.667
3214.005,5.00849,2.77310,95,28.0,1.667
3215.005,5.00104,2.53352,95,28.0,1.667
3216.005,4.99990,3.45114,95,28.0,1.667
3217.005,5.00791,3.25922,95,28.0,1.667
3218.005,5.01071,3.01723,95,28.0,1.667
3219.005,5.00838,2.77634,95,28.0,1.667
3220.005,5.00099,2.53675,95,28.0,1.667
3221.005,4.99992,3.45436,95,28.0,1.667
3222.005,5.00800,3.26242,95,28.0,1.667
3223.005,5.01087,3.02041,95,28.0,1.667
3224.005,5.00860,2.77949,95,28.0,1.667
3225.005,5.00127,2.53988,95,28.0,1.667
3226.005,5.00026,3.45746,95,28.0,1.667
3227.005,5.00841,3.26549,95,28.0,1.667
3228.005,5.01133,3.02345,95,28.0,1.667
3229.005,5.00912,2.78249,95,28.0,1.667
3230.005,5.00185,2.54284,95,28.0,1.667
3231.005,5.00090,3.46038,95,28.0,1.667
3232.005,5.00909,3.26836,95,28.0,1.667
3233.005,5.01207,3.02628,95,28.0,1.667
3234.005,5.00991,2.78527,95,28.0,1.667
3235.005,5.00269,2.54557,95,28.0,1.667
3236.005,5.00178,3.46306,94,28.0,1.667
3237.005,5.00976,3.25833,94,28.0,1.667
3238.005,5.01252,3.01626,94,28.0,1.667
3239.005,5.01014,2.77529,94,28.0,1.667
3240.005,5.00270,2.53563,94,28.0,1.667
3241.005,5.00159,3.45316,94,28.0,1.667
3242.005,5.00936,3.24849,94,28.0,1.667
3243.005,5.01192,3.00649,94,28.0,1.667
3244.005,5.00934,2.76559,94,28.0,1.667
3245.005,5.00171,2.52602,94,28.0,1.667
3246.005,5.00041,3.44365,95,28.0,1.667
3247.005,5.00826,3.25174,95,28.0,1.667
3248.005,5.01090,3.00977,95,28.0,1.667
3249.005,5.00840,2.76890,95,28.0,1.667
3250.005,5.00085,2.52935,95,28.0,1.667
3251.005,4.99963,3.44701,95,28.0,1.667
3252.005,5.00756,3.25511,95,28.0,1.667
3253.005,5.01028,3.01317,95,28.0,1.667
3254.005,5.00786,2.77231,95,28.0,1.667
3255.005,5.00039,2.53276,95,28.0,1.667
3256.005,4.99925,3.45042,95,28.0,1.667
3257.005,5.00726,3.25853,95,28.0,1.667
3258.005,5.01005,3.01658,95,28.0,1.667
3259.005,5.00771,2.77571,95,28.0,1.667
3260.005,5.00032,2.53616,95,28.0,1.667
3261.005,4.99924,3.45380,95,28.0,1.667
3262.005,5.00732,3.26189,95,28.0,1.667
3263.005,5.01019,3.01992,95,28.0,1.667
3264.005,5.00791,2.77903,95,28.0,1.667
3265.005,5.00059,2.53945,95,28.0,1.667
3266.005,4.99958,3.45707,95,28.0,1.667
3267.005,5.00772,3.26513,95,28.0,1.667
3268.005,5.01065,3.02312,95,28.0,1.667
3269.005,5.00844,2.78219,95,28.0,1.667
3270.005,5.00117,2.54258,95,28.0,1.667
3271.005,5.00023,3.46015,95,28.0,1.667
3272.005,5.00843,3.26816,95,28.0,1.667
3273.005,5.01141,3.02611,95,28.0,1.667
3274.005,5.00925,2.78514,95,28.0,1.667
3275.005,5.00203,2.54547,95,28.0,1.667
3276.005,5.00114,3.46298,94,28.0,1.667
3277.005,5.00912,3.25828,94,28.0,1.667
3278.005,5.01189,3.01624,94,28.0,1.667
3279.005,5.00951,2.77530,94,28.0,1.667
3280.005,5.00209,2.53566,94,28.0,1.667
3281.005,5.00098,3.45323,94,28.0,1.667
3282.005,5.00877,3.24858,94,28.0,1.667
3283.005,5.01133,3.00661,94,28.0,1.667
3284.005,5.00876,2.76574,94,28.0,1.667
3285.005,5.00114,2.52619,94,28.0,1.667
3286.005,4.99985,3.44384,95,28.0,1.667
3287.005,5.00771,3.25195,95,28.0,1.667
3288.005,5.01036,3.01002,95,28.0,1.667
3289.005,5.00788,2.76917,95,28.0,1.667
3290.005,5.00034,2.52964,95,28.0,1.667
3291.005,4.99913,3.44731,95,28.0,1.667
3292.005,5.00708,3.25544,95,28.0,1.667
3293.005,5.00981,3.01352,95,28.0,1.667
3294.005,5.00740,2.77268,95,28.0,1.667
3295.005,4.99995,2.53315,95,28.0,1.667
3296.005,4.99882,3.45083,95,28.0,1.667
3297.005,5.00684,3.25895,95,28.0,1.667
3298.005,5.00965,3.01702,95,28.0,1.667
3299.005,5.00732,2.77617,95,28.0,1.667
3300.005,4.99995,2.53663,95,28.0,1.667
3301.005,4.99889,3.45428,95,28.0,1.667
3302.005,5.00698,3.26239,95,28.0,1.667
3303.005,5.00986,3.02043,95,28.0,1.667
3304.005,5.00760,2.77955,95,28.0,1.667
3305.005,5.00029,2.53999,95,28.0,1.667
3306.005,4.99930,3.45761,95,28.0,1.667
3307.005,5.00746,3.26568,95,28.0,1.667
3308.005,5.01040,3.02368,95,28.0,1.667
3309.005,5.00821,2.78277,95,28.0,1.667
3310.005,5.00095,2.54316,95,28.0,1.667
3311.005,5.00002,3.46074,95,28.0,1.667
3312.005,5.00824,3.26876,95,28.0,1.667
3313.005,5.01123,3.02671,95,28.0,1.667
3314.005,5.00909,2.78574,95,28.0,1.667
3315.005,5.00189,2.54607,95,28.0,1.667
3316.005,5.00101,3.46360,94,28.0,1.667
3317.005,5.00901,3.25889,94,28.0,1.667
3318.005,5.01179,3.01686,94,28.0,1.667
3319.005,5.00943,2.77591,94,28.0,1.667
3320.005,5.00202,2.53628,94,28.0,1.667
3321.005,5.00092,3.45385,94,28.0,1.667
3322.005,5.00872,3.24920,94,28.0,1.667
3323.005,5.01130,3.00723,94,28.0,1.667
3324.005,5.00874,2.76635,94,28.0,1.667
3325.005,5.00114,2.52680,94,28.0,1.667
3326.005,4.99986,3.44445,95,28.0,1.667
3327.005,5.00773,3.25256,95,28.0,1.667
3328.005,5.01040,3.01062,95,28.0,1.667
3329.005,5.00792,2.76977,95,28.0,1.667
3330.005,5.00040,2.53023,95,28.0,1.667
3331.005,4.99920,3.44790,95,28.0,1.667
3332.005,5.00716,3.25602,95,28.0,1.667
3333.005,5.00990,3.01409,95,28.0,1.667
3334.005,5.00751,2.77324,95,28.0,1.667
3335.005,5.00007,2.53371,95,28.0,1.667
3336.005,4.99895,3.45138,95,28.0,1.667
3337.005,5.00698,3.25949,95,28.0,1.667
3338.005,5.00980,3.01755,95,28.0,1.667
3339.005,5.00748,2.77669,95,28.0,1.667
3340.005,5.00011,2.53714,95,28.0,1.667
3341.005,4.99906,3.45479,95,28.0,1.667
3342.005,5.00716,3.26289,95,28.0,1.667
3343.005,5.01005,3.02092,95,28.0,1.667
3344.005,5.00780,2.78003,95,28.0,1.667
3345.005,5.00050,2.54045,95,28.0,1.667
3346.005,4.99951,3.45806,95,28.0,1.667
3347.005,5.00768,3.26612,95,28.0,1.667
3348.005,5.01063,3.02411,95,28.0,1.667
3349.005,5.00843,2.78318,95,28.0,1.667
3350.005,5.00119,2.54356,95,28.0,1.667
3351.005,5.00026,3.46113,95,28.0,1.667
3352.005,5.00848,3.26913,95,28.0,1.667
3353.005,5.01149,3.02707,95,28.0,1.667
3354.005,5.00934,2.78609,95,28.0,1.667
3355.005,5.00215,2.54641,95,28.0,1.667
3356.005,5.00127,3.46392,94,28.0,1.667
3357.005,5.00927,3.25920,94,28.0,1.667
3358.005,5.01206,3.01716,94,28.0,1.667
3359.005,5.00970,2.77620,94,28.0,1.667
3360.005,5.00229,2.53655,94,28.0,1.667
3361.005,5.00120,3.45411,94,28.0,1.667
3362.005,5.00900,3.24944,94,28.0,1.667
3363.005,5.01158,3.00746,94,28.0,1.667
3364.005,5.00903,2.76657,94,28.0,1.667
3365.005,5.00142,2.52700,94,28.0,1.667
3366.005,5.00014,3.44464,95,28.0,1.667
3367.005,5.00802,3.25274,95,28.0,1.667
3368.005,5.01068,3.01078,95,28.0,1.667
3369.005,5.00821,2.76991,95,28.0,1.667
3370.005,5.00068,2.53037,95,28.0,1.667
3371.005,4.99948,3.44802,95,28.0,1.667
3372.005,5.00744,3.25613,95,28.0,1.667
3373.005,5.01018,3.01418,95,28.0,1.667
3374.005,5.00779,2.77333,95,28.0,1.667
3375.005,5.00034,2.53378,95,28.0,1.667
3376.005,4.99922,3.45143,95,28.0,1.667
3377.005,5.00725,3.25954,95,28.0,1.667
3378.005,5.01006,3.01758,95,28.0,1.667
3379.005,5.00774,2.77671,95,28.0,1.667
3380.005,5.00037,2.53715,95,28.0,1.667
3381.005,4.99932,3.45479,95,28.0,1.667
3382.005,5.00742,3.26287,95,28.0,1.667
3383.005,5.01030,3.02089,95,28.0,1.667
3384.005,5.00805,2.77999,95,28.0,1.667
3385.005,5.00074,2.54040,95,28.0,1.667
3386.005,4.99975,3.45800,95,28.0,1.667
3387.005,5.00791,3.26605,95,28.0,1.667
3388.005,5.01086,3.02403,95,28.0,1.667
3389.005,5.00866,2.78309,95,28.0,1.667
3390.005,5.00141,2.54346,95,28.0,1.667
3391.005,5.00048,3.46102,95,28.0,1.667
3392.005,5.00869,3.26902,95,28.0,1.667
3393.005,5.01169,3.02695,95,28.0,1.667
3394.005,5.00954,2.78595,95,28.0,1.667
3395.005,5.00234,2.54627,95,28.0,1.667
3396.005,5.00146,3.46377,94,28.0,1.667
3397.005,5.00946,3.25904,94,28.0,1.667
3398.005,5.01223,3.01699,94,28.0,1.667
3399.005,5.00987,2.77602,94,28.0,1.667
3400.005,5.00246,2.53637,94,28.0,1.667
3401.005,5.00136,3.45392,94,28.0,1.667
3402.005,5.00915,3.24925,94,28.0,1.667
3403.005,5.01173,3.00726,94,28.0,1.667
3404.005,5.00917,2.76636,94,28.0,1.667
3405.005,5.00156,2.52679,94,28.0,1.667
3406.005,5.00027,3.44442,95,28.0,1.667
3407.005,5.00814,3.25251,95,28.0,1.667
3408.005,5.01079,3.01055,95,28.0,1.667
3409.005,5.00831,2.76968,95,28.0,1.667
3410.005,5.00079,2.53013,95,28.0,1.667
3411.005,4.99958,3.44779,94,28.0,1.667
3412.005,5.00727,3.24323,94,28.0,1.667
3413.005,5.00974,3.00135,94,28.0,1.667
3414.005,5.00708,2.76058,94,28.0,1.667
3415.005,4.99938,2.52113,94,28.0,1.667
3416.005,4.99800,3.43889,95,28.0,1.667
3417.005,5.00578,3.24711,95,28.0,1.667
3418.005,5.00835,3.00528,95,28.0,1.667
3419.005,5.00579,2.76455,95,28.0,1.667
3420.005,4.99819,2.52514,95,28.0,1.667
3421.005,4.99692,3.44293,95,28.0,1.667
3422.005,5.00479,3.25118,95,28.0,1.667
3423.005,5.00747,3.00938,95,28.0,1.667
3424.005,5.00501,2.76866,95,28.0,1.667
3425.005,4.99750,2.52927,95,28.0,1.667
3426.005,4.99632,3.44707,95,28.0,1.667
3427.005,5.00430,3.25533,95,28.0,1.667
3428.005,5.00706,3.01353,95,28.0,1.667
3429.005,5.00469,2.77281,95,28.0,1.667
3430.005,4.99728,2.53341,95,28.0,1.667
3431.005,4.99619,3.45120,95,28.0,1.667
3432.005,5.00425,3.25944,95,28.0,1.667
3433.005,5.00711,3.01762,95,28.0,1.667
3434.005,5.00483,2.77688,95,28.0,1.667
3435.005,4.99750,2.53745,95,28.0,1.667
3436.005,4.99649,3.45522,95,28.0,1.667
3437.005,5.00463,3.26343,95,28.0,1.667
3438.005,5.00757,3.02157,95,28.0,1.667
3439.005,5.00536,2.78079,95,28.0,1.667
3440.005,4.99811,2.54132,95,28.0,1.667
3441.005,4.99717,3.45903,94,28.0,1.667
3442.005,5.00513,3.25453,94,28.0,1.667
3443.005,5.00787,3.01269,94,28.0,1.667
3444.005,5.00547,2.77194,94,28.0,1.667
3445.005,4.99803,2.53251,94,28.0,1.667
3446.005,4.99691,3.45027,95,28.0,1.667
3447.005,5.00494,3.25849,95,28.0,1.667
3448.005,5.00777,3.01664,95,28.0,1.667
3449.005,5.00546,2.77588,95,28.0,1.667
3450.005,4.99810,2.53642,95,28.0,1.667
3451.005,4.99706,3.45416,95,28.0,1.667
3452.005,5.00517,3.26235,95,28.0,1.667
3453.005,5.00808,3.02048,95,28.0,1.667
3454.005,5.00584,2.77968,95,28.0,1.667
3455.005,4.99856,2.54019,95,28.0,1.667
3456.005,4.99759,3.45789,95,28.0,1.667
3457.005,5.00578,3.26604,95,28.0,1.667
3458.005,5.00875,3.02411,95,28.0,1.667
3459.005,5.00659,2.78327,95,28.0,1.667
3460.005,4.99937,2.54373,95,28.0,1.667
3461.005,4.99847,3.46138,95,28.0,1.667
3462.005,5.00672,3.26946,95,28.0,1.667
3463.005,5.00975,3.02748,95,28.0,1.667
3464.005,5.00764,2.78658,95,28.0,1.667
3465.005,5.00048,2.54697,95,28.0,1.667
3466.005,4.99963,3.46455,94,28.0,1.667
3467.005,5.00767,3.25991,94,28.0,1.667
3468.005,5.01049,3.01793,94,28.0,1.667
3469.005,5.00817,2.77704,94,28.0,1.667
3470.005,5.00080,2.53746,94,28.0,1.667
3471.005,4.99975,3.45507,95,28.0,1.667
3472.005,5.00785,3.26313,95,28.0,1.667
3473.005,5.01073,3.02113,95,28.0,1.667
3474.005,5.00848,2.78021,95,28.0,1.667
3475.005,5.00117,2.54060,95,28.0,1.667
3476.005,5.00018,3.45818,95,28.0,1.667
3477.005,5.00834,3.26621,95,28.0,1.667
3478.005,5.01128,3.02417,95,28.0,1.667
3479.005,5.00908,2.78321,95,28.0,1.667
3480.005,5.00183,2.54356,95,28.0,1.667
3481.005,5.00089,3.46110,95,28.0,1.667
3482.005,5.00910,3.26908,95,28.0,1.667
3483.005,5.01210,3.02699,95,28.0,1.667
3484.005,5.00995,2.78598,95,28.0,1.667
3485.005,5.00274,2.54628,95,28.0,1.667
3486.005,5.00185,3.46376,94,28.0,1.667
3487.005,5.00984,3.25902,94,28.0,1.667
3488.005,5.01262,3.01694,94,28.0,1.667
3489.005,5.01025,2.77596,94,28.0,1.667
3490.005,5.00282,2.53629,94,28.0,1.667
3491.005,5.00172,3.45382,94,28.0,1.667
3492.005,5.00951,3.24914,94,28.0,1.667
3493.005,5.01208,3.00713,94,28.0,1.667
3494.005,5.00951,2.76622,94,28.0,1.667
3495.005,5.00189,2.52663,94,28.0,1.667
3496.005,5.00060,3.44425,95,28.0,1.667
3497.005,5.00846,3.25233,95,28.0,1.667
3498.005,5.01111,3.01036,95,28.0,1.667
3499.005,5.00862,2.76947,95,28.0,1.667
3500.005,5.00108,2.52991,95,28.0,1.667
3501.005,4.99745,3.19991,95,22.0,1.667
3502.005,4.99997,2.99850,95,22.0,1.667
3503.005,4.99738,2.75818,95,22.0,1.667
3504.005,4.98975,2.51918,95,22.0,1.667
3505.005,4.97718,2.28172,95,22.0,1.667
3506.005,4.96863,2.95404,100,22.0,1.667
3507.005,4.96734,2.80492,100,22.0,1.667
3508.005,4.96110,2.56704,100,22.0,1.667
3509.005,4.94992,2.33064,100,22.0,1.667
3510.005,4.93390,2.09592,100,22.0,1.667
3511.005,4.92200,2.77112,105,22.0,1.667
3512.005,4.91840,2.67480,105,22.0,1.667
3513.005,4.91005,2.43978,105,22.0,1.667
3514.005,4.89686,2.20631,105,22.0,1.667
3515.005,4.87892,1.97460,105,22.0,1.667
3516.005,4.86519,2.65289,109,22.0,1.667
3517.005,4.86056,2.59956,109,22.0,1.667
3518.005,4.85139,2.36752,109,22.0,1.667
3519.005,4.83744,2.13706,109,22.0,1.667
3520.005,4.81882,1.90838,109,22.0,1.667
3521.005,4.80448,2.58970,112,22.0,1.667
3522.005,4.79983,2.56931,112,22.0,1.667
3523.005,4.79082,2.34016,112,22.0,1.667
3524.005,4.77710,2.11256,112,22.0,1.667
3525.005,4.75876,1.88672,112,22.0,1.667
3526.005,4.74475,2.57086,113,22.0,1.667
3527.005,4.74066,2.56321,113,22.0,1.667
3528.005,4.73230,2.33676,113,22.0,1.667
3529.005,4.71927,2.11181,113,22.0,1.667
3530.005,4.70168,1.88858,113,22.0,1.667
3531.005,4.68846,2.57529,115,22.0,1.667
3532.005,4.68553,2.59008,115,22.0,1.667
3533.005,4.67847,2.36597,115,22.0,1.667
3534.005,4.66677,2.14331,115,22.0,1.667
3535.005,4.65052,1.92229,115,22.0,1.667
3536.005,4.63870,2.61113,115,22.0,1.667
3537.005,4.63717,2.62798,115,22.0,1.667
3538.005,4.63154,2.40587,115,22.0,1.667
3539.005,4.62130,2.18512,115,22.0,1.667
3540.005,4.60654,1.96593,115,22.0,1.667
3541.005,4.59621,2.65653,115,22.0,1.667
3542.005,4.59621,2.67508,115,22.0,1.667
3543.005,4.59211,2.45457,115,22.0,1.667
3544.005,4.58342,2.23535,115,22.0,1.667
3545.005,4.57021,2.01763,115,22.0,1.667
3546.005,4.56145,2.70960,115,22.0,1.667
3547.005,4.56303,2.72945,115,22.0,1.667
3548.005,4.56051,2.51016,115,22.0,1.667
3549.005,4.55341,2.29209,115,22.0,1.667
3550.005,4.54180,2.07543,115,22.0,1.667
3551.005,4.53463,2.76840,115,22.0,1.667
3552.005,4.53779,2.78916,115,22.0,1.667
3553.005,4.53687,2.57071,115,22.0,1.667
3554.005,4.53136,2.35340,115,22.0,1.667
3555.005,4.52133,2.13743,115,22.0,1.667
3556.005,4.51574,2.83101,115,22.0,1.667
3557.005,4.52047,2.85231,115,22.0,1.667
3558.005,4.52111,2.63433,115,22.0,1.667
3559.005,4.51714,2.41741,115,22.0,1.667
3560.005,4.50865,2.20175,115,22.0,1.667
3561.005,4.50458,2.89558,114,22.0,1.667
3562.005,4.51067,2.90710,114,22.0,1.667
3563.005,4.51259,2.68928,114,22.0,1.667
3564.005,4.50989,2.47247,114,22.0,1.667
3565.005,4.50266,2.25687,114,22.0,1.667
3566.005,4.49983,2.95069,114,22.0,1.667
3567.005,4.50714,2.96214,114,22.0,1.667
3568.005,4.51027,2.74421,114,22.0,1.667
3569.005,4.50876,2.52723,114,22.0,1.667
3570.005,4.50270,2.31140,114,22.0,1.667
3571.005,4.50102,3.00495,114,22.0,1.667
3572.005,4.50946,3.01608,114,22.0,1.667
3573.005,4.51369,2.79777,114,22.0,1.667
3574.005,4.51327,2.58037,114,22.0,1.667
3575.005,4.50827,2.36407,114,22.0,1.667
3576.005,4.50763,3.05711,114,22.0,1.667
3577.005,4.51708,3.06767,114,22.0,1.667
3578.005,4.52230,2.84876,114,22.0,1.667
3579.005,4.52284,2.63072,114,22.0,1.667
3580.005,4.51877,2.41374,114,22.0,1.667
3581.005,4.51904,3.10605,114,22.0,1.667
3582.005,4.52937,3.11586,114,22.0,1.667
3583.005,4.53545,2.89615,114,22.0,1.667
3584.005,4.53682,2.67728,114,22.0,1.667
3585.005,4.53355,2.45943,114,22.0,1.667
3586.005,4.53459,3.15085,113,22.0,1.667
3587.005,4.54549,3.14977,113,22.0,1.667
3588.005,4.55208,2.92917,113,22.0,1.667
3589.005,4.55392,2.70938,113,22.0,1.667
3590.005,4.55110,2.49061,113,22.0,1.667
3591.005,4.55257,3.18108,113,22.0,1.667
3592.005,4.56387,3.17903,113,22.0,1.667
3593.005,4.57083,2.95746,113,22.0,1.667
3594.005,4.57302,2.73668,113,22.0,1.667
3595.005,4.57053,2.51691,113,22.0,1.667
3596.005,4.57230,3.20637,113,22.0,1.667
3597.005,4.58388,3.20331,113,22.0,1.667
3598.005,4.59108,2.98072,113,22.0,1.667
3599.005,4.59350,2.75891,113,22.0,1.667
3600.005,4.59121,2.53810,113,22.0,1.667
3601.005,4.59314,3.22653,114,22.0,1.667
3602.005,4.60504,3.23239,114,22.0,1.667
3603.005,4.61258,3.00869,114,22.0,1.667
3604.005,4.61530,2.78578,114,22.0,1.667
3605.005,4.61329,2.56386,114,22.0,1.667
3606.005,4.61548,3.25116,113,22.0,1.667
3607.005,4.62744,3.24593,113,22.0,1.667
3608.005,4.63497,3.02115,113,22.0,1.667
3609.005,4.63766,2.79717,113,22.0,1.667
3610.005,4.63559,2.57418,113,22.0,1.667
3611.005,4.63771,3.26042,114,22.0,1.667
3612.005,4.64973,3.26411,114,22.0,1.667
3613.005,4.65735,3.03824,114,22.0,1.667
3614.005,4.66011,2.81316,114,22.0,1.667
3615.005,4.65808,2.58908,114,22.0,1.667
3616.005,4.66022,3.27424,114,22.0,1.667
3617.005,4.67224,3.27684,114,22.0,1.667
3618.005,4.67983,3.04989,114,22.0,1.667
3619.005,4.68254,2.82374,114,22.0,1.667
3620.005,4.68044,2.59860,114,22.0,1.667
3621.005,4.68248,3.28270,114,22.0,1.667
3622.005,4.69438,3.28425,114,22.0,1.667
3623.005,4.70184,3.05627,114,22.0,1.667
3624.005,4.70439,2.82909,114,22.0,1.667
3625.005,4.70212,2.60294,114,22.0,1.667
3626.005,4.70397,3.28604,115,22.0,1.667
3627.005,4.71582,3.29658,115,22.0,1.667
3628.005,4.72326,3.06757,115,22.0,1.667
3629.005,4.72576,2.83937,115,22.0,1.667
3630.005,4.72343,2.61220,115,22.0,1.667
3631.005,4.72519,3.29430,115,22.0,1.667
3632.005,4.73694,3.30383,115,22.0,1.667
3633.005,4.74425,3.07384,115,22.0,1.667
3634.005,4.74661,2.84466,115,22.0,1.667
3635.005,4.74411,2.61653,115,22.0,1.667
3636.005,4.74569,3.29767,115,22.0,1.667
3637.005,4.75724,3.30626,115,22.0,1.667
3638.005,4.76433,3.07534,115,22.0,1.667
3639.005,4.76647,2.84525,115,22.0,1.667
3640.005,4.76372,2.61622,115,22.0,1.667
3641.005,4.76503,3.29648,115,22.0,1.667
3642.005,4.77630,3.30421,115,22.0,1.667
3643.005,4.78310,3.07244,115,22.0,1.667
3644.005,4.78493,2.84152,115,22.0,1.667
3645.005,4.78185,2.61167,115,22.0,1.667
3646.005,4.78283,3.29114,116,22.0,1.667
3647.005,4.79392,3.30806,116,22.0,1.667
3648.005,4.80057,3.07547,116,22.0,1.667
3649.005,4.80222,2.84375,116,22.0,1.667
3650.005,4.79897,2.61311,116,22.0,1.667
3651.005,4.79976,3.29180,116,22.0,1.667
3652.005,4.81063,3.30795,116,22.0,1.667
3653.005,4.81706,3.07461,116,22.0,1.667
3654.005,4.81848,2.84215,116,22.0,1.667
3655.005,4.81498,2.61079,116,22.0,1.667
3656.005,4.81551,3.28877,116,22.0,1.667
3657.005,4.82611,3.30423,116,22.0,1.667
3658.005,4.83226,3.07021,116,22.0,1.667
3659.005,4.83339,2.83709,116,22.0,1.667
3660.005,4.82958,2.60508,116,22.0,1.667
3661.005,4.82980,3.28243,117,22.0,1.667
3662.005,4.84024,3.30724,117,22.0,1.667
3663.005,4.84626,3.07257,117,22.0,1.667
3664.005,4.84725,2.83880,117,22.0,1.667
3665.005,4.84330,2.60616,117,22.0,1.667
3666.005,4.84336,3.28289,117,22.0,1.667
3667.005,4.85363,3.30709,117,22.0,1.667
3668.005,4.85947,3.07181,117,22.0,1.667
3669.005,4.86028,2.83745,117,22.0,1.667
3670.005,4.85613,2.60424,117,22.0,1.667
3671.005,4.85597,3.28039,117,22.0,1.667
3672.005,4.86603,3.30403,117,22.0,1.667
3673.005,4.87164,3.06822,117,22.0,1.667
3674.005,4.87221,2.83333,117,22.0,1.667
3675.005,4.86782,2.59959,117,22.0,1.667
3676.005,4.86741,3.27525,117,22.0,1.667
3677.005,4.87720,3.29840,117,22.0,1.667
3678.005,4.88255,3.06210,117,22.0,1.667
3679.005,4.88285,2.82676,117,22.0,1.667
3680.005,4.87818,2.59257,117,22.0,1.667
3681.005,4.87749,3.26779,118,22.0,1.667
3682.005,4.88715,3.30049,118,22.0,1.667
3683.005,4.89241,3.06374,118,22.0,1.667
3684.005,4.89261,2.82794,118,22.0,1.667
3685.005,4.88783,2.59331,118,22.0,1.667
3686.005,4.88703,3.26810,118,22.0,1.667
3687.005,4.89657,3.30036,118,22.0,1.667
3688.005,4.90171,3.06319,118,22.0,1.667
3689.005,4.90177,2.82697,118,22.0,1.667
3690.005,4.89686,2.59193,118,22.0,1.667
3691.005,4.89591,3.26632,118,22.0,1.667
3692.005,4.90529,3.29819,118,22.0,1.667
3693.005,4.91027,3.06064,118,22.0,1.667
3694.005,4.91017,2.82405,118,22.0,1.667
3695.005,4.90508,2.58865,118,22.0,1.667
3696.005,4.90395,3.26267,118,22.0,1.667
3697.005,4.91316,3.29421,118,22.0,1.667
3698.005,4.91794,3.05631,118,22.0,1.667
3699.005,4.91765,2.81940,118,22.0,1.667
3700.005,4.91237,2.58369,118,22.0,1.667
3701.005,4.91104,3.25741,118,22.0,1.667
3702.005,4.92004,3.28865,118,22.0,1.667
3703.005,4.92462,3.05048,118,22.0,1.667
3704.005,4.92411,2.81329,118,22.0,1.667
3705.005,4.91861,2.57732,118,22.0,1.667
3706.005,4.91707,3.25079,119,22.0,1.667
3707.005,4.92600,3.29176,119,22.0,1.667
3708.005,4.93057,3.05330,119,22.0,1.667
3709.005,4.93005,2.81583,119,22.0,1.667
3710.005,4.92452,2.57958,119,22.0,1.667
3711.005,4.92295,3.25278,119,22.0,1.667
3712.005,4.93185,3.29346,119,22.0,1.667
3713.005,4.93637,3.05474,119,22.0,1.667
3714.005,4.93581,2.81700,119,22.0,1.667
3715.005,4.93023,2.58048,119,22.0,1.667
3716.005,4.92860,3.25342,119,22.0,1.667
3717.005,4.93744,3.29385,119,22.0,1.667
3718.005,4.94190,3.05486,119,22.0,1.667
3719.005,4.94126,2.81688,119,22.0,1.667
3720.005,4.93561,2.58011,119,22.0,1.667
3721.005,4.93390,3.25281,119,22.0,1.667
3722.005,4.94266,3.29300,119,22.0,1.667
3723.005,4.94703,3.05379,119,22.0,1.667
3724.005,4.94630,2.81558,119,22.0,1.667
3725.005,4.94056,2.57859,119,22.0,1.667
3726.005,4.93875,3.25107,119,22.0,1.667
3727.005,4.94741,3.29106,119,22.0,1.667
3728.005,4.95168,3.05164,119,22.0,1.667
3729.005,4.95084,2.81323,119,22.0,1.667
3730.005,4.94499,2.57605,119,22.0,1.667
3731.005,4.94307,3.24834,119,22.0,1.667
3732.005,4.95161,3.28815,119,22.0,1.667
3733.005,4.95577,3.04856,119,22.0,1.667
3734.005,4.95481,2.80998,119,22.0,1.667
3735.005,4.94884,2.57264,119,22.0,1.667
3736.005,4.94680,3.24477,119,22.0,1.667
3737.005,4.95521,3.28443,119,22.0,1.667
3738.005,4.95924,3.04469,119,22.0,1.667
3739.005,4.95816,2.80597,119,22.0,1.667
3740.005,4.95206,2.56850,119,22.0,1.667
3741.005,4.94989,3.24052,119,22.0,1.667
3742.005,4.95817,3.28005,119,22.0,1.667
3743.005,4.96207,3.04021,119,22.0,1.667
3744.005,4.96085,2.80138,119,22.0,1.667
3745.005,4.95462,2.56381,119,22.0,1.667
3746.005,4.95232,3.23573,120,22.0,1.667
3747.005,4.96062,3.28515,120,22.0,1.667
3748.005,4.96459,3.04517,120,22.0,1.667
3749.005,4.96345,2.80621,120,22.0,1.667
3750.005,4.95729,2.56849,120,22.0,1.667
3751.005,4.95505,3.24027,119,22.0,1.667
3752.005,4.96326,3.27958,119,22.0,1.667
3753.005,4.96708,3.03950,119,22.0,1.667
3754.005,4.96578,2.80046,119,22.0,1.667
3755.005,4.95946,2.56267,119,22.0,1.667
3756.005,4.95707,3.23438,120,22.0,1.667
3757.005,4.96529,3.28359,120,22.0,1.667
3758.005,4.96916,3.04340,120,22.0,1.667
3759.005,4.96793,2.80425,120,22.0,1.667
3760.005,4.96166,2.56634,120,22.0,1.667
3761.005,4.95932,3.23793,120,22.0,1.667
3762.005,4.96758,3.28702,120,22.0,1.667
3763.005,4.97149,3.04672,120,22.0,1.667
3764.005,4.97029,2.80744,120,22.0,1.667
3765.005,4.96406,2.56941,120,22.0,1.667
3766.005,4.96175,3.24088,120,22.0,1.667
3767.005,4.97004,3.28984,120,22.0,1.667
3768.005,4.97399,3.04941,120,22.0,1.667
3769.005,4.97281,2.81001,120,22.0,1.667
3770.005,4.96660,2.57186,120,22.0,1.667
3771.005,4.96431,3.24320,120,22.0,1.667
3772.005,4.97262,3.29203,120,22.0,1.667
3773.005,4.97658,3.05148,120,22.0,1.667
3774.005,4.97541,2.81194,120,22.0,1.667
3775.005,4.96921,2.57366,120,22.0,1.667
3776.005,4.96692,3.24488,120,22.0,1.667
3777.005,4.97522,3.29359,120,22.0,1.667
3778.005,4.97918,3.05291,120,22.0,1.667
3779.005,4.97801,2.81325,120,22.0,1.667
3780.005,4.97180,2.57485,120,22.0,1.667
3781.005,4.96950,3.24594,120,22.0,1.667
3782.005,4.97780,3.29453,120,22.0,1.667
3783.005,4.98174,3.05373,120,22.0,1.667
3784.005,4.98055,2.81395,120,22.0,1.667
3785.005,4.97433,2.57543,120,22.0,1.667
3786.005,4.97201,3.24640,120,22.0,1.667
3787.005,4.98028,3.29488,120,22.0,1.667
3788.005,4.98420,3.05396,120,22.0,1.667
3789.005,4.98298,2.81407,120,22.0,1.667
3790.005,4.97672,2.57544,120,22.0,1.667
3791.005,4.97438,3.24631,120,22.0,1.667
3792.005,4.98261,3.29468,120,22.0,1.667
3793.005,4.98650,3.05366,120,22.0,1.667
3794.005,4.98524,2.81367,120,22.0,1.667
3795.005,4.97895,2.57494,120,22.0,1.667
3796.005,4.97656,3.24571,120,22.0,1.667
3797.005,4.98476,3.29398,120,22.0,1.667
3798.005,4.98860,3.05286,120,22.0,1.667
3799.005,4.98730,2.81278,120,22.0,1.667
3800.005,4.98096,2.57396,120,22.0,1.667
3801.005,4.97852,3.24465,120,22.0,1.667
3802.005,4.98667,3.29284,120,22.0,1.667
3803.005,4.99046,3.05164,120,22.0,1.667
3804.005,4.98912,2.81148,120,22.0,1.667
3805.005,4.98272,2.57259,120,22.0,1.667
3806.005,4.98023,3.24320,120,22.0,1.667
3807.005,4.98833,3.29132,120,22.0,1.667
3808.005,4.99207,3.05006,120,22.0,1.667
3809.005,4.99067,2.80984,120,22.0,1.667
3810.005,4.98422,2.57088,120,22.0,1.667
3811.005,4.98167,3.24143,120,22.0,1.667
3812.005,4.98971,3.28950,120,22.0,1.667
3813.005,4.99339,3.04818,120,22.0,1.667
3814.005,4.99193,2.80791,120,22.0,1.667
3815.005,4.98543,2.56890,120,22.0,1.667
3816.005,4.98283,3.23941,120,22.0,1.667
3817.005,4.99081,3.28744,120,22.0,1.667
3818.005,4.99443,3.04608,120,22.0,1.667
3819.005,4.99291,2.80577,120,22.0,1.667
3820.005,4.98635,2.56673,120,22.0,1.667
3821.005,4.98369,3.23721,120,22.0,1.667
3822.005,4.99161,3.28521,120,22.0,1.667
3823.005,4.99518,3.04383,120,22.0,1.667
3824.005,4.99361,2.80349,120,22.0,1.667
3825.005,4.98698,2.56444,120,22.0,1.667
3826.005,4.98427,3.23490,120,22.0,1.667
3827.005,4.99214,3.28288,120,22.0,1.667
3828.005,4.99564,3.04148,120,22.0,1.667
3829.005,4.99402,2.80114,120,22.0,1.667
3830.005,4.98734,2.56208,120,22.0,1.667
3831.005,4.98457,3.23254,120,22.0,1.667
3832.005,4.99238,3.28052,120,22.0,1.667
3833.005,4.99584,3.03912,120,22.0,1.667
3834.005,4.99416,2.79879,120,22.0,1.667
3835.005,4.98743,2.55973,120,22.0,1.667
3836.005,4.98461,3.23019,120,22.0,1.667
3837.005,4.99237,3.27818,120,22.0,1.667
3838.005,4.99578,3.03680,120,22.0,1.667
3839.005,4.99405,2.79648,120,22.0,1.667
3840.005,4.98727,2.55744,120,22.0,1.667
3841.005,4.98441,3.22792,120,22.0,1.667
3842.005,4.99212,3.27593,120,22.0,1.667
3843.005,4.99549,3.03457,120,22.0,1.667
3844.005,4.99371,2.79427,120,22.0,1.667
3845.005,4.98690,2.55525,120,22.0,1.667
3846.005,4.98399,3.22576,120,22.0,1.667
3847.005,4.99167,3.27380,120,22.0,1.667
3848.005,4.99499,3.03248,120,22.0,1.667
3849.005,4.99318,2.79221,120,22.0,1.667
3850.005,4.98633,2.55323,120,22.0,1.667
3851.005,4.98338,3.22378,121,22.0,1.667
3852.005,4.99118,3.28182,121,22.0,1.667
3853.005,4.99468,3.04047,121,22.0,1.667
3854.005,4.99304,2.80018,121,22.0,1.667
3855.005,4.98636,2.56117,121,22.0,1.667
3856.005,4.98358,3.23167,121,22.0,1.667
3857.005,4.99154,3.28967,121,22.0,1.667
3858.005,4.99520,3.04827,121,22.0,1.667
3859.005,4.99372,2.80791,121,22.0,1.667
3860.005,4.98719,2.56883,121,22.0,1.667
3861.005,4.98456,3.23926,121,22.0,1.667
3862.005,4.99267,3.29717,121,22.0,1.667
3863.005,4.99647,3.05568,121,22.0,1.667
3864.005,4.99513,2.81523,121,22.0,1.667
3865.005,4.98874,2.57605,121,22.0,1.667
3866.005,4.98624,3.24637,120,22.0,1.667
3867.005,4.99432,3.29420,120,22.0,1.667
3868.005,4.99804,3.05266,120,22.0,1.667
3869.005,4.99662,2.81215,120,22.0,1.667
3870.005,4.99014,2.57292,120,22.0,1.667
3871.005,4.98756,3.24319,120,22.0,1.667
3872.005,4.99556,3.29098,120,22.0,1.667
3873.005,4.99919,3.04939,120,22.0,1.667
3874.005,4.99769,2.80885,120,22.0,1.667
3875.005,4.99112,2.56959,120,22.0,1.667
3876.005,4.98846,3.23983,121,22.0,1.667
3877.005,4.99653,3.29757,121,22.0,1.667
3878.005,5.00029,3.05590,121,22.0,1.667
3879.005,4.99890,2.81528,121,22.0,1.667
3880.005,4.99246,2.57593,121,22.0,1.667
3881.005,4.98991,3.24608,120,22.0,1.667
3882.005,4.99794,3.29375,120,22.0,1.667
3883.005,5.00160,3.05204,120,22.0,1.667
3884.005,5.00012,2.81138,120,22.0,1.667
3885.005,4.99358,2.57199,120,22.0,1.667
3886.005,4.99094,3.24212,121,22.0,1.667
3887.005,4.99902,3.29973,121,22.0,1.667
3888.005,5.00279,3.05794,121,22.0,1.667
3889.005,5.00142,2.81719,121,22.0,1.667
3890.005,4.99498,2.57772,121,22.0,1.667
3891.005,4.99244,3.24775,120,22.0,1.667
3892.005,5.00047,3.29530,120,22.0,1.667
3893.005,5.00413,3.05347,120,22.0,1.667
3894.005,5.00264,2.81268,120,22.0,1.667
3895.005,4.99610,2.57317,120,22.0,1.667
3896.005,4.99344,3.24318,120,22.0,1.667
3897.005,5.00137,3.29070,120,22.0,1.667
3898.005,5.00492,3.04886,120,22.0,1.667
3899.005,5.00332,2.80806,120,22.0,1.667
3900.005,4.99667,2.56854,120,22.0,1.667
3901.005,4.99391,3.23855,120,22.0,1.667
3902.005,5.00173,3.28607,120,22.0,1.667
3903.005,5.00518,3.04423,120,22.0,1.667
3904.005,5.00348,2.80345,120,22.0,1.667
3905.005,4.99673,2.56395,120,22.0,1.667
3906.005,4.99388,3.23397,120,22.0,1.667
3907.005,5.00160,3.28152,120,22.0,1.667
3908.005,5.00495,3.03971,120,22.0,1.667
3909.005,5.00316,2.79896,120,22.0,1.667
3910.005,4.99632,2.55950,120,22.0,1.667
3911.005,4.99338,3.22956,121,22.0,1.667
3912.005,5.00116,3.28712,121,22.0,1.667
3913.005,5.00464,3.04530,121,22.0,1.667
3914.005,5.00298,2.80454,121,22.0,1.667
3915.005,4.99625,2.56505,121,22.0,1.667
3916.005,4.99343,3.23509,121,22.0,1.667
3917.005,5.00133,3.29262,121,22.0,1.667
3918.005,5.00492,3.05077,121,22.0,1.667
3919.005,5.00337,2.80996,121,22.0,1.667
3920.005,4.99675,2.57043,121,22.0,1.667
3921.005,4.99404,3.24042,121,22.0,1.667
3922.005,5.00204,3.29790,121,22.0,1.667
3923.005,5.00574,3.05599,121,22.0,1.667
3924.005,5.00428,2.81512,121,22.0,1.667
3925.005,4.99776,2.57552,121,22.0,1.667
3926.005,4.99514,3.24544,121,22.0,1.667
3927.005,5.00324,3.30285,121,22.0,1.667
3928.005,5.00702,3.06085,121,22.0,1.667
3929.005,5.00565,2.81990,121,22.0,1.667
3930.005,4.99922,2.58022,121,22.0,1.667
3931.005,4.99667,3.25005,120,22.0,1.667
3932.005,5.00469,3.29740,120,22.0,1.667
3933.005,5.00834,3.05537,120,22.0,1.667
3934.005,5.00684,2.81438,120,22.0,1.667
3935.005,5.00028,2.57468,120,22.0,1.667
3936.005,4.99760,3.24448,120,22.0,1.667
3937.005,5.00549,3.29182,120,22.0,1.667
3938.005,5.00902,3.04978,120,22.0,1.667
3939.005,5.00739,2.80879,120,22.0,1.667
3940.005,5.00070,2.56909,120,22.0,1.667
3941.005,4.99790,3.23891,120,22.0,1.667
3942.005,5.00567,3.28625,120,22.0,1.667
3943.005,5.00907,3.04423,120,22.0,1.667
3944.005,5.00732,2.80327,120,22.0,1.667
3945.005,5.00052,2.56360,120,22.0,1.667
3946.005,4.99760,3.23346,120,22.0,1.667
3947.005,5.00527,3.28084,120,22.0,1.667
3948.005,5.00856,3.03887,120,22.0,1.667
3949.005,5.00670,2.79796,120,22.0,1.667
3950.005,4.99979,2.55834,120,22.0,1.667
3951.005,4.99678,3.22825,121,22.0,1.667
3952.005,5.00449,3.28567,121,22.0,1.667
3953.005,5.00790,3.04371,121,22.0,1.667
3954.005,5.00616,2.80280,121,22.0,1.667
3955.005,4.99935,2.56318,121,22.0,1.667
3956.005,4.99645,3.23309,120,22.0,1.667
3957.005,5.00412,3.28053,120,22.0,1.667
3958.005,5.00742,3.03861,120,22.0,1.667
3959.005,5.00557,2.79775,120,22.0,1.667
3960.005,4.99867,2.55819,120,22.0,1.667
3961.005,4.99567,3.22815,121,22.0,1.667
3962.005,5.00340,3.28562,121,22.0,1.667
3963.005,5.00682,3.04370,121,22.0,1.667
3964.005,5.00509,2.80285,121,22.0,1.667
3965.005,4.99830,2.56328,121,22.0,1.667
3966.005,4.99541,3.23323,121,22.0,1.667
3967.005,5.00325,3.29069,121,22.0,1.667
3968.005,5.00677,3.04876,121,22.0,1.667
3969.005,5.00515,2.80788,121,22.0,1.667
3970.005,4.99847,2.56828,121,22.0,1.667
3971.005,4.99568,3.23820,121,22.0,1.667
3972.005,5.00362,3.29562,121,22.0,1.667
3973.005,5.00725,3.05364,121,22.0,1.667
3974.005,5.00572,2.81272,121,22.0,1.667
3975.005,4.99914,2.57307,121,22.0,1.667
3976.005,4.99644,3.24294,121,22.0,1.667
3977.005,5.00447,3.30030,121,22.0,1.667
3978.005,5.00818,3.05826,121,22.0,1.667
3979.005,5.00674,2.81727,121,22.0,1.667
3980.005,5.00024,2.57755,121,22.0,1.667
3981.005,4.99762,3.24735,120,22.0,1.667
3982.005,5.00558,3.29467,120,22.0,1.667
3983.005,5.00916,3.05261,120,22.0,1.667
3984.005,5.00759,2.81160,120,22.0,1.667
3985.005,5.00095,2.57188,120,22.0,1.667
3986.005,4.99821,3.24167,120,22.0,1.667
3987.005,5.00604,3.28899,120,22.0,1.667
3988.005,5.00949,3.04694,120,22.0,1.667
3989.005,5.00779,2.80595,120,22.0,1.667
3990.005,5.00104,2.56624,120,22.0,1.667
3991.005,4.99817,3.23605,120,22.0,1.667
3992.005,5.00588,3.28340,120,22.0,1.667
3993.005,5.00922,3.04139,120,22.0,1.667
3994.005,5.00741,2.80044,120,22.0,1.667
3995.005,5.00055,2.56077,120,22.0,1.667
3996.005,4.99757,3.23064,120,22.0,1.667
3997.005,5.00518,3.27804,120,22.0,1.667
3998.005,5.00841,3.03609,120,22.0,1.667
3999.005,5.00650,2.79520,120,22.0,1.667
4000.005,4.99953,2.55560,120,22.0,1.667
4001.005,4.99647,3.22554,121,22.0,1.667
4002.005,5.00413,3.28298,121,22.0,1.667
4003.005,5.00748,3.04105,121,22.0,1.667
4004.005,5.00568,2.80018,121,22.0,1.667
4005.005,4.99883,2.56059,121,22.0,1.667
4006.005,4.99588,3.23054,121,22.0,1.667
4007.005,5.00365,3.28798,121,22.0,1.667
4008.005,5.00712,3.04605,121,22.0,1.667
4009.005,5.00544,2.80517,121,22.0,1.667
4010.005,4.99869,2.56557,121,22.0,1.667
4011.005,4.99585,3.23549,121,22.0,1.667
4012.005,5.00372,3.29292,121,22.0,1.667
4013.005,5.00729,3.05095,121,22.0,1.667
4014.005,5.00571,2.81004,121,22.0,1.667
4015.005,4.99907,2.57040,121,22.0,1.667
4016.005,4.99632,3.24029,121,22.0,1.667
4017.005,5.00429,3.29767,121,22.0,1.667
4018.005,5.00795,3.05565,121,22.0,1.667
4019.005,5.00646,2.81469,121,22.0,1.667
4020.005,4.99990,2.57499,121,22.0,1.667
4021.005,4.99724,3.24482,120,22.0,1.667
4022.005,5.00515,3.29216,120,22.0,1.667
4023.005,5.00868,3.05014,120,22.0,1.667
4024.005,5.00706,2.80917,120,22.0,1.667
4025.005,5.00038,2.56948,120,22.0,1.667
4026.005,4.99760,3.23931,120,22.0,1.667
4027.005,5.00538,3.28667,120,22.0,1.667
4028.005,5.00880,3.04466,120,22.0,1.667
4029.005,5.00706,2.80371,120,22.0,1.667
4030.005,5.00027,2.56404,120,22.0,1.667
4031.005,4.99737,3.23391,120,22.0,1.667
4032.005,5.00504,3.28130,120,22.0,1.667
4033.005,5.00835,3.03934,120,22.0,1.667
4034.005,5.00651,2.79843,120,22.0,1.667
4035.005,4.99961,2.55882,120,22.0,1.667
4036.005,4.99661,3.22874,121,22.0,1.667
4037.005,5.00433,3.28616,121,22.0,1.667
4038.005,5.00775,3.04420,121,22.0,1.667
4039.005,5.00602,2.80330,121,22.0,1.667
4040.005,4.99923,2.56369,121,22.0,1.667
4041.005,4.99634,3.23360,121,22.0,1.667
4042.005,5.00417,3.29101,121,22.0,1.667
4043.005,5.00769,3.04903,121,22.0,1.667
4044.005,5.00606,2.80811,121,22.0,1.667
4045.005,4.99937,2.56847,121,22.0,1.667
4046.005,4.99658,3.23835,121,22.0,1.667
4047.005,5.00451,3.29573,121,22.0,1.667
4048.005,5.00812,3.05371,121,22.0,1.667
4049.005,5.00659,2.81275,121,22.0,1.667
4050.005,4.99999,2.57306,121,22.0,1.667
4051.005,4.99729,3.24289,120,22.0,1.667
4052.005,5.00515,3.29024,120,22.0,1.667
4053.005,5.00864,3.04823,120,22.0,1.667
4054.005,5.00699,2.80727,120,22.0,1.667
4055.005,5.00027,2.56759,120,22.0,1.667
4056.005,4.99744,3.23743,121,22.0,1.667
4057.005,5.00534,3.29478,121,22.0,1.667
4058.005,5.00893,3.05273,121,22.0,1.667
4059.005,5.00736,2.81173,121,22.0,1.667
4060.005,5.00073,2.57201,121,22.0,1.667
4061.005,4.99799,3.24182,121,22.0,1.667
4062.005,5.00598,3.29911,121,22.0,1.667
4063.005,5.00965,3.05701,121,22.0,1.667
4064.005,5.00816,2.81596,121,22.0,1.667
4065.005,5.00161,2.57619,121,22.0,1.667
4066.005,4.99895,3.24593,121,22.0,1.667
4067.005,5.00701,3.30316,121,22.0,1.667
4068.005,5.01075,3.06100,121,22.0,1.667
4069.005,5.00933,2.81988,121,22.0,1.667
4070.005,5.00285,2.58003,121,22.0,1.667
4071.005,5.00025,3.24970,120,22.0,1.667
4072.005,5.00822,3.29688,120,22.0,1.667
4073.005,5.01181,3.05470,120,22.0,1.667
4074.005,5.01025,2.81356,120,22.0,1.667
4075.005,5.00362,2.57370,120,22.0,1.667
4076.005,5.00088,3.24337,120,22.0,1.667
4077.005,5.00871,3.29056,120,22.0,1.667
4078.005,5.01216,3.04838,120,22.0,1.667
4079.005,5.01046,2.80726,120,22.0,1.667
4080.005,5.00370,2.56742,120,22.0,1.667
4081.005,5.00082,3.23711,120,22.0,1.667
4082.005,5.00852,3.28434,120,22.0,1.667
4083.005,5.01184,3.04220,120,22.0,1.667
4084.005,5.01002,2.80113,120,22.0,1.667
4085.005,5.00313,2.56134,120,22.0,1.667
4086.005,5.00014,3.23109,120,22.0,1.667
4087.005,5.00771,3.27837,120,22.0,1.667
4088.005,5.01092,3.03630,120,22.0,1.667
4089.005,5.00898,2.79530,120,22.0,1.667
4090.005,5.00199,2.55559,120,22.0,1.667
4091.005,4.99889,3.22542,120,22.0,1.667
4092.005,5.00636,3.27279,120,22.0,1.667
4093.005,5.00947,3.03081,120,22.0,1.667
4094.005,5.00743,2.78989,120,22.0,1.667
4095.005,5.00034,2.55028,120,22.0,1.667
4096.005,4.99715,3.22021,121,22.0,1.667
4097.005,5.00469,3.27765,121,22.0,1.667
4098.005,5.00792,3.03572,121,22.0,1.667
4099.005,5.00601,2.79485,121,22.0,1.667
4100.005,4.99905,2.55528,121,22.0,1.667
4101.005,4.99598,3.22524,121,22.0,1.667
4102.005,5.00364,3.28271,121,22.0,1.667
4103.005,5.00699,3.04080,121,22.0,1.667
4104.005,5.00520,2.79995,121,22.0,1.667
4105.005,4.99835,2.56039,121,22.0,1.667
4106.005,4.99540,3.23036,121,22.0,1.667
4107.005,5.00317,3.28783,121,22.0,1.667
4108.005,5.00664,3.04591,121,22.0,1.667
4109.005,5.00496,2.80505,121,22.0,1.667
4110.005,4.99822,2.56548,121,22.0,1.667
4111.005,4.99538,3.23543,121,22.0,1.667
4112.005,5.00326,3.29287,121,22.0,1.667
4113.005,5.00684,3.05093,121,22.0,1.667
4114.005,5.00526,2.81003,121,22.0,1.667
4115.005,4.99862,2.57042,121,22.0,1.667
4116.005,4.99588,3.24032,121,22.0,1.667
4117.005,5.00386,3.29772,121,22.0,1.667
4118.005,5.00753,3.05572,121,22.0,1.667
4119.005,5.00604,2.81478,121,22.0,1.667
4120.005,4.99949,2.57510,121,22.0,1.667
4121.005,4.99684,3.24495,121,22.0,1.667
4122.005,5.00490,3.30228,121,22.0,1.667
4123.005,5.00865,3.06021,121,22.0,1.667
4124.005,5.00725,2.81919,121,22.0,1.667
4125.005,5.00078,2.57944,121,22.0,1.667
4126.005,4.99820,3.24920,120,22.0,1.667
4127.005,5.00618,3.29649,120,22.0,1.667
4128.005,5.00979,3.05439,120,22.0,1.667
4129.005,5.00825,2.81335,120,22.0,1.667
4130.005,5.00164,2.57358,120,22.0,1.667
4131.005,4.99893,3.24334,121,22.0,1.667
4132.005,5.00693,3.30058,121,22.0,1.667
4133.005,5.01062,3.05843,121,22.0,1.667
4134.005,5.00915,2.81733,121,22.0,1.667
4135.005,5.00261,2.57751,121,22.0,1.667
4136.005,4.99997,3.24720,120,22.0,1.667
4137.005,5.00789,3.29441,120,22.0,1.667
4138.005,5.01143,3.05225,120,22.0,1.667
4139.005,5.00982,2.81114,120,22.0,1.667
4140.005,5.00315,2.57132,120,22.0,1.667
4141.005,5.00036,3.24101,120,22.0,1.667
4142.005,5.00815,3.28824,120,22.0,1.667
4143.005,5.01156,3.04610,120,22.0,1.667
4144.005,5.00982,2.80501,120,22.0,1.667
4145.005,5.00302,2.56522,120,22.0,1.667
4146.005,5.00011,3.23495,120,22.0,1.667
4147.005,5.00777,3.28222,120,22.0,1.667
4148.005,5.01105,3.04013,120,22.0,1.667
4149.005,5.00919,2.79910,120,22.0,1.667
4150.005,5.00228,2.55936,120,22.0,1.667
4151.005,4.99925,3.22916,120,22.0,1.667
4152.005,5.00680,3.27649,120,22.0,1.667
4153.005,5.00998,3.03447,120,22.0,1.667
4154.005,5.00801,2.79352,120,22.0,1.667
4155.005,5.00099,2.55386,120,22.0,1.667
4156.005,4.99787,3.22374,121,22.0,1.667
4157.005,5.00547,3.28113,121,22.0,1.667
4158.005,5.00877,3.03915,121,22.0,1.667
4159.005,5.00692,2.79823,121,22.0,1.667
4160.005,5.00001,2.55860,121,22.0,1.667
4161.005,4.99700,3.22850,120,22.0,1.667
4162.005,5.00456,3.27594,120,22.0,1.667
4163.005,5.00776,3.03402,120,22.0,1.667
4164.005,5.00582,2.79317,120,22.0,1.667
4165.005,4.99882,2.55362,120,22.0,1.667
4166.005,4.99572,3.22360,121,22.0,1.667
4167.005,5.00335,3.28109,121,22.0,1.667
4168.005,5.00667,3.03920,121,22.0,1.667
4169.005,5.00485,2.79837,121,22.0,1.667
4170.005,4.99797,2.55883,121,22.0,1.667
4171.005,4.99499,3.22883,121,22.0,1.667
4172.005,5.00274,3.28632,121,22.0,1.667
4173.005,5.00618,3.04443,121,22.0,1.667
4174.005,5.00448,2.80360,121,22.0,1.667
4175.005,4.99771,2.56405,121,22.0,1.667
4176.005,4.99485,3.23403,121,22.0,1.667
4177.005,5.00271,3.29151,121,22.0,1.667
4178.005,5.00626,3.04960,121,22.0,1.667
4179.005,5.00466,2.80874,121,22.0,1.667
4180.005,4.99801,2.56915,121,22.0,1.667
4181.005,4.99524,3.23909,120,22.0,1.667
4182.005,5.00306,3.28656,120,22.0,1.667
4183.005,5.00650,3.04466,120,22.0,1.667
4184.005,5.00479,2.80381,120,22.0,1.667
4185.005,4.99803,2.56425,120,22.0,1.667
4186.005,4.99517,3.23421,121,22.0,1.667
4187.005,5.00302,3.29167,121,22.0,1.667
4188.005,5.00658,3.04974,121,22.0,1.667
4189.005,5.00498,2.80887,121,22.0,1.667
4190.005,4.99832,2.56927,121,22.0,1.667
4191.005,4.99556,3.23920,121,22.0,1.667
4192.005,5.00352,3.29661,121,22.0,1.667
4193.005,5.00716,3.05464,121,22.0,1.667
4194.005,5.00566,2.81371,121,22.0,1.667
4195.005,4.99910,2.57406,121,22.0,1.667
4196.005,4.99642,3.24393,121,22.0,1.667
4197.005,5.00447,3.30128,121,22.0,1.667
4198.005,5.00821,3.05924,121,22.0,1.667
4199.005,5.00679,2.81824,121,22.0,1.667
4200.005,5.00030,2.57852,121,22.0,1.667
4201.005,4.99771,3.24831,120,22.0,1.667
4202.005,5.00568,3.29562,120,22.0,1.667
4203.005,5.00928,3.05355,120,22.0,1.667
4204.005,5.00773,2.81253,120,22.0,1.667
4205.005,5.00111,2.57280,120,22.0,1.667
4206.005,4.99838,3.24258,121,22.0,1.667
4207.005,5.00638,3.29985,121,22.0,1.667
4208.005,5.01006,3.05773,121,22.0,1.667
4209.005,5.00858,2.81666,121,22.0,1.667
4210.005,5.00204,2.57686,121,22.0,1.667
4211.005,4.99939,3.24658,120,22.0,1.667
4212.005,5.00730,3.29382,120,22.0,1.667
4213.005,5.01084,3.05169,120,22.0,1.667
4214.005,5.00923,2.81061,120,22.0,1.667
4215.005,5.00255,2.57082,120,22.0,1.667
4216.005,4.99977,3.24054,120,22.0,1.667
4217.005,5.00755,3.28780,120,22.0,1.667
4218.005,5.01096,3.04569,120,22.0,1.667
4219.005,5.00922,2.80463,120,22.0,1.667
4220.005,5.00241,2.56487,120,22.0,1.667
4221.005,4.99950,3.23463,120,22.0,1.667
4222.005,5.00716,3.28193,120,22.0,1.667
4223.005,5.01045,3.03986,120,22.0,1.667
4224.005,5.00860,2.79886,120,22.0,1.667
4225.005,5.00168,2.55915,120,22.0,1.667
4226.005,4.99866,3.22898,121,22.0,1.667
4227.005,5.00636,3.28630,121,22.0,1.667
4228.005,5.00976,3.04425,121,22.0,1.667
4229.005,5.00800,2.80326,121,22.0,1.667
4230.005,5.00118,2.56356,121,22.0,1.667
4231.005,4.99826,3.23338,121,22.0,1.667
4232.005,5.00606,3.29071,121,22.0,1.667
4233.005,5.00955,3.04865,121,22.0,1.667
4234.005,5.00789,2.80764,121,22.0,1.667
4235.005,5.00117,2.56792,121,22.0,1.667
4236.005,4.99834,3.23773,121,22.0,1.667
4237.005,5.00623,3.29502,121,22.0,1.667
4238.005,5.00981,3.05294,121,22.0,1.667
4239.005,5.00824,2.81190,121,22.0,1.667
4240.005,5.00160,2.57214,121,22.0,1.667
4241.005,4.99886,3.24190,121,22.0,1.667
4242.005,5.00683,3.29916,121,22.0,1.667
4243.005,5.01049,3.05702,121,22.0,1.667
4244.005,5.00899,2.81593,121,22.0,1.667
4245.005,5.00243,2.57612,121,22.0,1.667
4246.005,4.99976,3.24583,120,22.0,1.667
4247.005,5.00765,3.29305,120,22.0,1.667
4248.005,5.01117,3.05091,120,22.0,1.667
4249.005,5.00954,2.80982,120,22.0,1.667
4250.005,5.00284,2.57002,120,22.0,1.667
4251.005,5.00003,3.23974,120,22.0,1.667
4252.005,5.00779,3.28698,120,22.0,1.667
4253.005,5.01118,3.04486,120,22.0,1.667
4254.005,5.00942,2.80381,120,22.0,1.667
4255.005,5.00260,2.56403,120,22.0,1.667
4256.005,4.99967,3.23379,120,22.0,1.667
4257.005,5.00731,3.28109,120,22.0,1.667
4258.005,5.01058,3.03902,120,22.0,1.667
4259.005,5.00870,2.79802,120,22.0,1.667
4260.005,5.00177,2.55831,120,22.0,1.667
4261.005,4.99873,3.22813,121,22.0,1.667
4262.005,5.00641,3.28546,121,22.0,1.667
4263.005,5.00979,3.04341,121,22.0,1.667
4264.005,5.00801,2.80242,121,22.0,1.667
4265.005,5.00118,2.56272,121,22.0,1.667
4266.005,4.99824,3.23255,120,22.0,1.667
4267.005,5.00587,3.27992,120,22.0,1.667
4268.005,5.00914,3.03792,120,22.0,1.667
4269.005,5.00726,2.79699,120,22.0,1.667
4270.005,5.00032,2.55735,120,22.0,1.667
4271.005,4.99728,3.22724,120,22.0,1.667
4272.005,5.00481,3.27468,120,22.0,1.667
4273.005,5.00798,3.03275,120,22.0,1.667
4274.005,5.00601,2.79190,120,22.0,1.667
4275.005,4.99898,2.55234,120,22.0,1.667
4276.005,4.99585,3.22232,121,22.0,1.667
4277.005,5.00345,3.27981,121,22.0,1.667
4278.005,5.00674,3.03792,121,22.0,1.667
4279.005,5.00489,2.79710,121,22.0,1.667
4280.005,4.99799,2.55757,121,22.0,1.667
4281.005,4.99498,3.22757,121,22.0,1.667
4282.005,5.00270,3.28507,121,22.0,1.667
4283.005,5.00612,3.04319,121,22.0,1.667
4284.005,5.00439,2.80237,121,22.0,1.667
4285.005,4.99760,2.56283,121,22.0,1.667
4286.005,4.99471,3.23282,121,22.0,1.667
4287.005,5.00255,3.29031,121,22.0,1.667
4288.005,5.00608,3.04841,121,22.0,1.667
4289.005,5.00446,2.80756,121,22.0,1.667
4290.005,4.99778,2.56799,121,22.0,1.667
4291.005,4.99499,3.23795,121,22.0,1.667
4292.005,5.00293,3.29540,121,22.0,1.667
4293.005,5.00656,3.05346,121,22.0,1.667
4294.005,5.00504,2.81256,121,22.0,1.667
4295.005,4.99846,2.57295,121,22.0,1.667
4296.005,4.99578,3.24285,120,22.0,1.667
4297.005,5.00366,3.29027,120,22.0,1.667
4298.005,5.00717,3.04832,120,22.0,1.667
4299.005,5.00554,2.80742,120,22.0,1.667
4300.005,4.99884,2.56781,120,22.0,1.667
4301.005,4.99604,3.23772,121,22.0,1.667
4302.005,5.00396,3.29512,121,22.0,1.667
4303.005,5.00757,3.05314,121,22.0,1.667
4304.005,5.00603,2.81220,121,22.0,1.667
4305.005,4.99943,2.57254,121,22.0,1.667
4306.005,4.99672,3.24240,121,22.0,1.667
4307.005,5.00473,3.29974,121,22.0,1.667
4308.005,5.00843,3.05770,121,22.0,1.667
4309.005,5.00698,2.81670,121,22.0,1.667
4310.005,5.00046,2.57698,121,22.0,1.667
4311.005,4.99783,3.24677,120,22.0,1.667
4312.005,5.00577,3.29408,120,22.0,1.667
4313.005,5.00933,3.05201,120,22.0,1.667
4314.005,5.00775,2.81100,120,22.0,1.667
4315.005,5.00110,2.57127,120,22.0,1.667
4316.005,4.99834,3.24106,121,22.0,1.667
4317.005,5.00630,3.29834,121,22.0,1.667
4318.005,5.00995,3.05623,121,22.0,1.667
4319.005,5.00844,2.81517,121,22.0,1.667
4320.005,5.00187,2.57539,121,22.0,1.667
4321.005,4.99919,3.24512,120,22.0,1.667
4322.005,5.00708,3.29238,120,22.0,1.667
4323.005,5.01059,3.05027,120,22.0,1.667
4324.005,5.00895,2.80921,120,22.0,1.667
4325.005,5.00225,2.56943,120,22.0,1.667
4326.005,4.99944,3.23918,120,22.0,1.667
4327.005,5.00719,3.28646,120,22.0,1.667
4328.005,5.01058,3.04437,120,22.0,1.667
4329.005,5.00882,2.80334,120,22.0,1.667
4330.005,5.00199,2.56360,120,22.0,1.667
4331.005,4.99906,3.23338,120,22.0,1.667
4332.005,5.00670,3.28071,120,22.0,1.667
4333.005,5.00997,3.03867,120,22.0,1.667
4334.005,5.00809,2.79770,120,22.0,1.667
4335.005,5.00116,2.55802,120,22.0,1.667
4336.005,4.99812,3.22787,121,22.0,1.667
4337.005,5.00581,3.28523,121,22.0,1.667
4338.005,5.00919,3.04321,121,22.0,1.667
4339.005,5.00742,2.80225,121,22.0,1.667
4340.005,5.00059,2.56257,121,22.0,1.667
4341.005,4.99765,3.23243,121,22.0,1.667
4342.005,5.00544,3.28979,121,22.0,1.667
4343.005,5.00892,3.04776,121,22.0,1.667
4344.005,5.00725,2.80679,121,22.0,1.667
4345.005,5.00052,2.56710,121,22.0,1.667
4346.005,4.99768,3.23694,121,22.0,1.667
4347.005,5.00556,3.29427,121,22.0,1.667
4348.005,5.00914,3.05221,121,22.0,1.667
4349.005,5.00756,2.81121,121,22.0,1.667
4350.005,5.00091,2.57149,121,22.0,1.667
4351.005,4.99816,3.24128,121,22.0,1.667
4352.005,5.00613,3.29857,121,22.0,1.667
4353.005,5.00979,3.05647,121,22.0,1.667
4354.005,5.00829,2.81542,121,22.0,1.667
4355.005,5.00173,2.57564,121,22.0,1.667
4356.005,4.99905,3.24538,121,22.0,1.667
4357.005,5.00710,3.30261,121,22.0,1.667
4358.005,5.01082,3.06044,121,22.0,1.667
4359.005,5.00939,2.81932,121,22.0,1.667
4360.005,5.00290,2.57947,121,22.0,1.667
4361.005,5.00029,3.24914,120,22.0,1.667
4362.005,5.00825,3.29633,120,22.0,1.667
4363.005,5.01183,3.05414,120,22.0,1.667
4364.005,5.01025,2.81301,120,22.0,1.667
4365.005,5.00361,2.57316,120,22.0,1.667
4366.005,5.00086,3.24282,120,22.0,1.667
4367.005,5.00868,3.29002,120,22.0,1.667
4368.005,5.01212,3.04784,120,22.0,1.667
4369.005,5.01041,2.80673,120,22.0,1.667
4370.005,5.00363,2.56690,120,22.0,1.667
4371.005,5.00075,3.23659,120,22.0,1.667
4372.005,5.00844,3.28382,120,22.0,1.667
4373.005,5.01175,3.04169,120,22.0,1.667
4374.005,5.00991,2.80062,120,22.0,1.667
4375.005,5.00302,2.56085,120,22.0,1.667
4376.005,5.00001,3.23060,120,22.0,1.667
4377.005,5.00758,3.27790,120,22.0,1.667
4378.005,5.01078,3.03583,120,22.0,1.667
4379.005,5.00884,2.79484,120,22.0,1.667
4380.005,5.00183,2.55514,120,22.0,1.667
4381.005,4.99872,3.22497,121,22.0,1.667
4382.005,5.00634,3.28232,121,22.0,1.667
4383.005,5.00965,3.04029,121,22.0,1.667
4384.005,5.00781,2.79932,121,22.0,1.667
4385.005,5.00092,2.55965,121,22.0,1.667
4386.005,4.99792,3.22950,121,22.0,1.667
4387.005,5.00564,3.28686,121,22.0,1.667
4388.005,5.00906,3.04484,121,22.0,1.667
4389.005,5.00732,2.80388,121,22.0,1.667
4390.005,5.00053,2.56420,121,22.0,1.667
4391.005,4.99763,3.23405,121,22.0,1.667
4392.005,5.00545,3.29140,121,22.0,1.667
4393.005,5.00896,3.04937,121,22.0,1.667
4394.005,5.00733,2.80839,121,22.0,1.667
4395.005,5.00063,2.56869,121,22.0,1.667
4396.005,4.99782,3.23851,121,22.0,1.667
4397.005,5.00574,3.29583,121,22.0,1.667
4398.005,5.00934,3.05376,121,22.0,1.667
4399.005,5.00779,2.81274,121,22.0,1.667
4400.005,5.00118,2.57300,121,22.0,1.667
4401.005,4.99845,3.24277,121,22.0,1.667
4402.005,5.00645,3.30004,121,22.0,1.667
4403.005,5.01013,3.05792,121,22.0,1.667
4404.005,5.00866,2.81684,121,22.0,1.667
4405.005,5.00212,2.57704,121,22.0,1.667
4406.005,4.99947,3.24675,120,22.0,1.667
4407.005,5.00739,3.29399,120,22.0,1.667
4408.005,5.01093,3.05186,120,22.0,1.667
4409.005,5.00932,2.81077,120,22.0,1.667
4410.005,5.00265,2.57097,120,22.0,1.667
4411.005,4.99986,3.24069,120,22.0,1.667
4412.005,5.00765,3.28794,120,22.0,1.667
4413.005,5.01106,3.04583,120,22.0,1.667
4414.005,5.00932,2.80477,120,22.0,1.667
4415.005,5.00252,2.56500,120,22.0,1.667
4416.005,4.99961,3.23475,120,22.0,1.667
4417.005,5.00727,3.28205,120,22.0,1.667
4418.005,5.01056,3.03998,120,22.0,1.667
4419.005,5.00870,2.79897,120,22.0,1.667
4420.005,5.00179,2.55926,120,22.0,1.667
4421.005,4.99877,3.22907,121,22.0,1.667
4422.005,5.00647,3.28640,121,22.0,1.667
4423.005,5.00987,3.04434,121,22.0,1.667
4424.005,5.00811,2.80334,121,22.0,1.667
4425.005,5.00130,2.56363,121,22.0,1.667
4426.005,4.99837,3.23345,120,22.0,1.667
4427.005,5.00602,3.28081,120,22.0,1.667
4428.005,5.00931,3.03880,120,22.0,1.667
4429.005,5.00744,2.79786,120,22.0,1.667
4430.005,5.00052,2.55820,120,22.0,1.667
4431.005,4.99749,3.22808,120,22.0,1.667
4432.005,5.00504,3.27550,120,22.0,1.667
4433.005,5.00823,3.03357,120,22.0,1.667
4434.005,5.00626,2.79270,120,22.0,1.667
4435.005,4.99925,2.55313,120,22.0,1.667
4436.005,4.99613,3.22309,121,22.0,1.667
4437.005,5.00374,3.28056,121,22.0,1.667
4438.005,5.00705,3.03866,121,22.0,1.667
4439.005,5.00521,2.79782,121,22.0,1.667
4440.005,4.99832,2.55826,121,22.0,1.667
4441.005,4.99532,3.22824,121,22.0,1.667
4442.005,5.00306,3.28573,121,22.0,1.667
4443.005,5.00648,3.04383,121,22.0,1.667
4444.005,5.00476,2.80299,121,22.0,1.667
4445.005,4.99798,2.56343,121,22.0,1.667
4446.005,4.99510,3.23340,121,22.0,1.667
4447.005,5.00294,3.29087,121,22.0,1.667
4448.005,5.00648,3.04895,121,22.0,1.667
4449.005,5.00486,2.80808,121,22.0,1.667
4450.005,4.99819,2.56849,121,22.0,1.667
4451.005,4.99541,3.23843,121,22.0,1.667
4452.005,5.00336,3.29585,121,22.0,1.667
4453.005,5.00699,3.05389,121,22.0,1.667
4454.005,5.00547,2.81298,121,22.0,1.667
4455.005,4.99890,2.57334,121,22.0,1.667
4456.005,4.99621,3.24322,121,22.0,1.667
4457.005,5.00425,3.30058,121,22.0,1.667
4458.005,5.00797,3.05856,121,22.0,1.667
4459.005,5.00654,2.81757,121,22.0,1.667
4460.005,5.00004,2.57786,121,22.0,1.667
4461.005,4.99744,3.24767,120,22.0,1.667
4462.005,5.00540,3.29499,120,22.0,1.667
4463.005,5.00899,3.05294,120,22.0,1.667
4464.005,5.00743,2.81194,120,22.0,1.667
4465.005,5.00080,2.57222,120,22.0,1.667
4466.005,4.99807,3.24202,121,22.0,1.667
4467.005,5.00606,3.29931,121,22.0,1.667
4468.005,5.00973,3.05720,121,22.0,1.667
4469.005,5.00824,2.81615,121,22.0,1.667
4470.005,5.00170,2.57637,121,22.0,1.667
4471.005,4.99904,3.24611,121,22.0,1.667
4472.005,5.00710,3.30333,121,22.0,1.667
4473.005,5.01084,3.06116,121,22.0,1.667
4474.005,5.00943,2.82004,121,22.0,1.667
4475.005,5.00295,2.58019,121,22.0,1.667
4476.005,5.00035,3.24985,120,22.0,1.667
4477.005,5.00832,3.29703,120,22.0,1.667
4478.005,5.01192,3.05484,120,22.0,1.667
4479.005,5.01036,2.81369,120,22.0,1.667
4480.005,5.00373,2.57383,120,22.0,1.667
4481.005,5.00099,3.24349,120,22.0,1.667
4482.005,5.00882,3.29067,120,22.0,1.667
4483.005,5.01227,3.04849,120,22.0,1.667
4484.005,5.01057,2.80737,120,22.0,1.667
4485.005,5.00381,2.56752,120,22.0,1.667
4486.005,5.00094,3.23721,120,22.0,1.667
4487.005,5.00863,3.28443,120,22.0,1.667
4488.005,5.01196,3.04229,120,22.0,1.667
4489.005,5.01013,2.80121,120,22.0,1.667
4490.005,5.00324,2.56142,120,22.0,1.667
4491.005,5.00025,3.23116,121,22.0,1.667
4492.005,5.00798,3.28840,121,22.0,1.667
4493.005,5.01140,3.04627,121,22.0,1.667
4494.005,5.00966,2.80519,121,22.0,1.667
4495.005,5.00286,2.56541,121,22.0,1.667
4496.005,4.99996,3.23514,120,22.0,1.667
4497.005,5.00762,3.28242,120,22.0,1.667
4498.005,5.01092,3.04033,120,22.0,1.667
4499.005,5.00907,2.79931,120,22.0,1.667
4500.005,5.00215,2.55957,120,22.0,1.667
4501.005,5.00477,3.80721,120,36.0,1.667
4502.005,5.02779,4.03516,120,36.0,1.667
4503.005,5.04670,3.78839,120,36.0,1.667
4504.005,5.06015,3.54201,120,36.0,1.667
4505.005,5.06823,3.29626,120,36.0,1.667
4506.005,5.08551,4.53722,105,36.0,1.667
4507.005,5.11877,4.51337,105,36.0,1.667
4508.005,5.14656,4.26010,105,36.0,1.667
4509.005,5.16865,4.00686,105,36.0,1.667
4510.005,5.18510,3.75388,105,36.0,1.667
4511.005,5.21050,4.98729,92,36.0,1.667
4512.005,5.24743,4.74380,92,36.0,1.667
4513.005,5.27839,4.48358,92,36.0,1.667
4514.005,5.30345,4.22327,92,36.0,1.667
4515.005,5.32269,3.96314,92,36.0,1.667
4516.005,5.35060,5.07477,84,36.0,1.667
4517.005,5.38718,4.80825,84,36.0,1.667
4518.005,5.41766,4.54141,84,36.0,1.667
4519.005,5.44211,4.27454,84,36.0,1.667
4520.005,5.46061,4.00790,84,36.0,1.667
4521.005,5.48751,5.04766,80,36.0,1.667
4522.005,5.52171,4.77510,80,36.0,1.667
4523.005,5.54972,4.50237,80,36.0,1.667
4524.005,5.57161,4.22974,80,36.0,1.667
4525.005,5.58746,3.95750,80,36.0,1.667
4526.005,5.61162,4.99179,80,36.0,1.667
4527.005,5.64302,4.71392,80,36.0,1.667
4528.005,5.66814,4.43603,80,36.0,1.667
4529.005,5.68707,4.15840,80,36.0,1.667
4530.005,5.69989,3.88131,80,36.0,1.667
4531.005,5.72089,4.87821,78,36.0,1.667
4532.005,5.74845,4.59598,78,36.0,1.667
4533.005,5.76969,4.31393,78,36.0,1.667
4534.005,5.78471,4.03234,78,36.0,1.667
4535.005,5.79359,3.75148,78,36.0,1.667
4536.005,5.81065,4.76116,79,36.0,1.667
4537.005,5.83456,4.47548,79,36.0,1.667
4538.005,5.85213,4.19015,79,36.0,1.667
4539.005,5.86345,3.90546,79,36.0,1.667
4540.005,5.86862,3.62169,79,36.0,1.667
4541.005,5.88196,4.62864,79,36.0,1.667
4542.005,5.90214,4.34041,79,36.0,1.667
4543.005,5.91597,4.05272,79,36.0,1.667
4544.005,5.92355,3.76584,79,36.0,1.667
4545.005,5.92498,3.48006,79,36.0,1.667
4546.005,5.93463,4.50154,80,36.0,1.667
4547.005,5.95144,4.21157,80,36.0,1.667
4548.005,5.96190,3.92230,80,36.0,1.667
4549.005,5.96613,3.63400,80,36.0,1.667
4550.005,5.96422,3.34696,80,36.0,1.667
4551.005,5.97059,4.38370,81,36.0,1.667
4552.005,5.98443,4.09270,81,36.0,1.667
4553.005,5.99195,3.80254,81,36.0,1.667
4554.005,5.99326,3.51349,81,36.0,1.667
4555.005,5.98845,3.22583,81,36.0,1.667
4556.005,5.99194,4.26208,81,36.0,1.667
4557.005,6.00294,3.97073,81,36.0,1.667
4558.005,6.00765,3.68035,81,36.0,1.667
4559.005,6.00617,3.39120,81,36.0,1.667
4560.005,5.99861,3.10358,81,36.0,1.667
4561.005,5.99942,4.15634,82,36.0,1.667
4562.005,6.00809,3.86518,82,36.0,1.667
4563.005,6.01051,3.57509,82,36.0,1.667
4564.005,6.00677,3.28635,82,36.0,1.667
4565.005,5.99699,2.99922,82,36.0,1.667
4566.005,5.99563,4.05257,82,36.0,1.667
4567.005,6.00216,3.76211,82,36.0,1.667
4568.005,6.00248,3.47280,82,36.0,1.667
4569.005,5.99669,3.18493,82,36.0,1.667
4570.005,5.98490,2.89877,82,36.0,1.667
4571.005,5.98161,3.96953,83,36.0,1.667
4572.005,5.98658,3.68011,83,36.0,1.667
4573.005,5.98537,3.39192,83,36.0,1.667
4574.005,5.97810,3.10522,83,36.0,1.667
4575.005,5.96488,2.82030,83,36.0,1.667
4576.005,5.96020,3.89235,83,36.0,1.667
4577.005,5.96381,3.60429,83,36.0,1.667
4578.005,5.96131,3.31750,83,36.0,1.667
4579.005,5.95279,3.03226,83,36.0,1.667
4580.005,5.93836,2.74884,83,36.0,1.667
4581.005,5.93249,3.80609,82,36.0,1.667
4582.005,5.93465,3.51971,82,36.0,1.667
4583.005,5.93074,3.23466,82,36.0,1.667
4584.005,5.92088,2.95121,82,36.0,1.667
4585.005,5.90516,2.66963,82,36.0,1.667
4586.005,5.89809,3.74514,83,36.0,1.667
4587.005,5.89942,3.46061,83,36.0,1.667
4588.005,5.89473,3.17744,83,36.0,1.667
4589.005,5.88413,2.89591,83,36.0,1.667
4590.005,5.86773,2.61626,83,36.0,1.667
4591.005,5.86003,3.69372,83,36.0,1.667
4592.005,5.86077,3.41116,83,36.0,1.667
4593.005,5.85555,3.12998,83,36.0,1.667
4594.005,5.84447,2.85045,83,36.0,1.667
4595.005,5.82763,2.57282,83,36.0,1.667
4596.005,5.81951,3.63594,82,36.0,1.667
4597.005,5.81957,3.35550,82,36.0,1.667
4598.005,5.81371,3.07646,82,36.0,1.667
4599.005,5.80205,2.79908,82,36.0,1.667
4600.005,5.78469,2.52362,82,36.0,1.667
4601.005,5.77609,3.58892,82,36.0,1.667
4602.005,5.77574,3.31067,82,36.0,1.667
4603.005,5.76951,3.03383,82,36.0,1.667
4604.005,5.75753,2.75866,82,36.0,1.667
4605.005,5.73991,2.48541,82,36.0,1.667
4606.005,5.73109,3.55292,82,36.0,1.667
4607.005,5.73057,3.27688,82,36.0,1.667
4608.005,5.72423,3.00224,82,36.0,1.667
4609.005,5.71218,2.72927,82,36.0,1.667
4610.005,5.69453,2.45820,82,36.0,1.667
4611.005,5.68574,3.52790,82,36.0,1.667
4612.005,5.68528,3.25403,82,36.0,1.667
4613.005,5.67906,2.98154,82,36.0,1.667
4614.005,5.66717,2.71071,82,36.0,1.667
4615.005,5.64972,2.44177,82,36.0,1.667
4616.005,5.64114,3.49721,81,36.0,1.667
4617.005,5.64062,3.22550,81,36.0,1.667
4618.005,5.63438,2.95517,81,36.0,1.667
4619.005,5.62252,2.68648,81,36.0,1.667
4620.005,5.60515,2.41967,81,36.0,1.667
4621.005,5.59669,3.47723,81,36.0,1.667
4622.005,5.59634,3.20762,81,36.0,1.667
4623.005,5.59030,2.93938,81,36.0,1.667
4624.005,5.57869,2.67276,81,36.0,1.667
4625.005,5.56161,2.40799,81,36.0,1.667
4626.005,5.55344,3.45122,80,36.0,1.667
4627.005,5.55311,3.18369,80,36.0,1.667
4628.005,5.54714,2.91752,80,36.0,1.667
4629.005,5.53563,2.65295,80,36.0,1.667
4630.005,5.51870,2.39022,80,36.0,1.667
4631.005,5.51072,3.43547,80,36.0,1.667
4632.005,5.51062,3.16994,80,36.0,1.667
4633.005,5.50492,2.90575,80,36.0,1.667
4634.005,5.49372,2.64314,80,36.0,1.667
4635.005,5.47713,2.38236,80,36.0,1.667
4636.005,5.46953,3.42951,80,36.0,1.667
4637.005,5.46985,3.16588,80,36.0,1.667
4638.005,5.46460,2.90354,80,36.0,1.667
4639.005,5.45388,2.64276,80,36.0,1.667
4640.005,5.43781,2.38377,80,36.0,1.667
4641.005,5.43072,3.41634,79,36.0,1.667
4642.005,5.43127,3.15452,79,36.0,1.667
4643.005,5.42629,2.89398,79,36.0,1.667
4644.005,5.41588,2.63497,79,36.0,1.667
4645.005,5.40014,2.37773,79,36.0,1.667
4646.005,5.39341,3.41203,79,36.0,1.667
4647.005,5.39436,3.15191,79,36.0,1.667
4648.005,5.38981,2.89305,79,36.0,1.667
4649.005,5.37986,2.63569,79,36.0,1.667
4650.005,5.36462,2.38007,79,36.0,1.667
4651.005,5.35836,3.39960,78,36.0,1.667
4652.005,5.35951,3.14112,78,36.0,1.667
4653.005,5.35519,2.88388,78,36.0,1.667
4654.005,5.34551,2.62813,78,36.0,1.667
4655.005,5.33055,2.37409,78,36.0,1.667
4656.005,5.32462,3.39519,78,36.0,1.667
4657.005,5.32612,3.13825,78,36.0,1.667
4658.005,5.32218,2.88254,78,36.0,1.667
4659.005,5.31290,2.62828,78,36.0,1.667
4660.005,5.29838,2.37571,78,36.0,1.667
4661.005,5.29286,3.38189,77,36.0,1.667
4662.005,5.29449,3.12645,77,36.0,1.667
4663.005,5.29072,2.87222,77,36.0,1.667
4664.005,5.28164,2.61943,77,36.0,1.667
4665.005,5.26734,2.36832,77,36.0,1.667
4666.005,5.26212,3.39229,78,36.0,1.667
4667.005,5.26438,3.13818,78,36.0,1.667
4668.005,5.26126,2.88525,78,36.0,1.667
4669.005,5.25283,2.63372,78,36.0,1.667
4670.005,5.23922,2.38384,78,36.0,1.667
4671.005,5.23465,3.39264,77,36.0,1.667
4672.005,5.23728,3.13977,77,36.0,1.667
4673.005,5.23454,2.88805,77,36.0,1.667
4674.005,5.22653,2.63772,77,36.0,1.667
4675.005,5.21335,2.38899,77,36.0,1.667
4676.005,5.20922,3.39894,77,36.0,1.667
4677.005,5.21232,3.14719,77,36.0,1.667
4678.005,5.21007,2.89655,77,36.0,1.667
4679.005,5.20256,2.64727,77,36.0,1.667
4680.005,5.18989,2.39959,77,36.0,1.667
4681.005,5.18625,3.39418,76,36.0,1.667
4682.005,5.18955,3.14349,76,36.0,1.667
4683.005,5.18752,2.89390,76,36.0,1.667
4684.005,5.18025,2.64565,76,36.0,1.667
4685.005,5.16784,2.39897,76,36.0,1.667
4686.005,5.16448,3.39457,76,36.0,1.667
4687.005,5.16807,3.14485,76,36.0,1.667
4688.005,5.16635,2.89622,76,36.0,1.667
4689.005,5.15941,2.64892,76,36.0,1.667
4690.005,5.14735,2.40316,76,36.0,1.667
4691.005,5.14434,3.39966,76,36.0,1.667
4692.005,5.14831,3.15083,76,36.0,1.667
4693.005,5.14697,2.90306,76,36.0,1.667
4694.005,5.14043,2.65659,76,36.0,1.667
4695.005,5.12878,2.41165,76,36.0,1.667
4696.005,5.12620,3.40895,76,36.0,1.667
4697.005,5.13060,3.16088,76,36.0,1.667
4698.005,5.12971,2.91386,76,36.0,1.667
4699.005,5.12363,2.66812,76,36.0,1.667
4700.005,5.11244,2.42388,76,36.0,1.667
4701.005,5.11027,3.40549,75,36.0,1.667
4702.005,5.11481,3.15816,75,36.0,1.667
4703.005,5.11407,2.91187,75,36.0,1.667
4704.005,5.10815,2.66684,75,36.0,1.667
4705.005,5.09714,2.42331,75,36.0,1.667
4706.005,5.09516,3.40561,75,36.0,1.667
4707.005,5.09990,3.15896,75,36.0,1.667
4708.005,5.09938,2.91334,75,36.0,1.667
4709.005,5.09368,2.66896,75,36.0,1.667
4710.005,5.08291,2.42607,75,36.0,1.667
4711.005,5.08117,3.40901,75,36.0,1.667
4712.005,5.08617,3.16297,75,36.0,1.667
4713.005,5.08591,2.91794,75,36.0,1.667
4714.005,5.08049,2.67415,75,36.0,1.667
4715.005,5.07000,2.43183,75,36.0,1.667
4716.005,5.06855,3.41531,75,36.0,1.667
4717.005,5.07385,3.16981,75,36.0,1.667
4718.005,5.07390,2.92531,75,36.0,1.667
4719.005,5.06879,2.68202,75,36.0,1.667
4720.005,5.05862,2.44018,75,36.0,1.667
4721.005,5.05750,3.42414,75,36.0,1.667
4722.005,5.06313,3.17910,75,36.0,1.667
4723.005,5.06351,2.93503,75,36.0,1.667
4724.005,5.05875,2.69216,75,36.0,1.667
4725.005,5.04892,2.45073,75,36.0,1.667
4726.005,5.04810,3.41872,74,36.0,1.667
4727.005,5.05373,3.17412,74,36.0,1.667
4728.005,5.05414,2.93050,74,36.0,1.667
4729.005,5.04940,2.68808,74,36.0,1.667
4730.005,5.03961,2.44708,74,36.0,1.667
4731.005,5.03883,3.41551,74,36.0,1.667
4732.005,5.04452,3.17135,74,36.0,1.667
4733.005,5.04499,2.92816,74,36.0,1.667
4734.005,5.04032,2.68616,74,36.0,1.667
4735.005,5.03061,2.44559,74,36.0,1.667
4736.005,5.02998,3.43078,75,36.0,1.667
4737.005,5.03611,3.18694,75,36.0,1.667
4738.005,5.03701,2.94405,75,36.0,1.667
4739.005,5.03278,2.70233,75,36.0,1.667
4740.005,5.02351,2.46202,75,36.0,1.667
4741.005,5.02326,3.43109,74,36.0,1.667
4742.005,5.02949,3.18756,74,36.0,1.667
4743.005,5.03049,2.94496,74,36.0,1.667
4744.005,5.02637,2.70353,74,36.0,1.667
4745.005,5.01721,2.46350,74,36.0,1.667
4746.005,5.01707,3.43285,74,36.0,1.667
4747.005,5.02342,3.18959,74,36.0,1.667
4748.005,5.02455,2.94725,74,36.0,1.667
4749.005,5.02055,2.70608,74,36.0,1.667
4750.005,5.01152,2.46630,74,36.0,1.667
4751.005,5.01151,3.43590,74,36.0,1.667
4752.005,5.01800,3.19286,74,36.0,1.667
4753.005,5.01927,2.95076,74,36.0,1.667
4754.005,5.01541,2.70981,74,36.0,1.667
4755.005,5.00653,2.47024,74,36.0,1.667
4756.005,5.00667,3.44004,74,36.0,1.667
4757.005,5.01331,3.19720,74,36.0,1.667
4758.005,5.01473,2.95529,74,36.0,1.667
4759.005,5.01103,2.71452,74,36.0,1.667
4760.005,5.00230,2.47512,74,36.0,1.667
4761.005,5.00261,3.44509,74,36.0,1.667
4762.005,5.00940,3.20241,74,36.0,1.667
4763.005,5.01098,2.96064,74,36.0,1.667
4764.005,5.00745,2.72002,74,36.0,1.667
4765.005,4.99888,2.48076,74,36.0,1.667
4766.005,4.99935,3.45085,74,36.0,1.667
4767.005,5.00631,3.20829,74,36.0,1.667
4768.005,5.00806,2.96663,74,36.0,1.667
4769.005,5.00469,2.72611,74,36.0,1.667
4770.005,4.99629,2.48694,74,36.0,1.667
4771.005,4.99692,3.45712,74,36.0,1.667
4772.005,5.00404,3.21464,74,36.0,1.667
4773.005,5.00595,2.97305,74,36.0,1.667
4774.005,5.00275,2.73259,74,36.0,1.667
4775.005,4.99451,2.49347,74,36.0,1.667
4776.005,4.99530,3.46370,74,36.0,1.667
4777.005,5.00258,3.22126,74,36.0,1.667
4778.005,5.00466,2.97971,74,36.0,1.667
4779.005,5.00161,2.73927,74,36.0,1.667
4780.005,4.99353,2.50017,74,36.0,1.667
4781.005,4.99447,3.47041,74,36.0,1.667
4782.005,5.00191,3.22797,74,36.0,1.667
4783.005,5.00413,2.98642,74,36.0,1.667
4784.005,5.00123,2.74597,74,36.0,1.667
4785.005,4.99329,2.50686,74,36.0,1.667
4786.005,4.99432,3.46072,73,36.0,1.667
4787.005,5.00155,3.21834,73,36.0,1.667
4788.005,5.00358,2.97685,73,36.0,1.667
4789.005,5.00048,2.73647,73,36.0,1.667
4790.005,4.99236,2.49744,73,36.0,1.667
4791.005,4.99320,3.45140,73,36.0,1.667
4792.005,5.00025,3.20911,73,36.0,1.667
4793.005,5.00209,2.96772,73,36.0,1.667
4794.005,4.99882,2.72746,73,36.0,1.667
4795.005,4.99053,2.48855,73,36.0,1.667
4796.005,4.99127,3.45898,74,36.0,1.667
4797.005,4.99851,3.21675,74,36.0,1.667
4798.005,5.00054,2.97540,74,36.0,1.667
4799.005,4.99745,2.73517,74,36.0,1.667
4800.005,4.98934,2.49628,74,36.0,1.667
4801.005,4.99026,3.46673,74,36.0,1.667
4802.005,4.99767,3.22450,74,36.0,1.667
4803.005,4.99987,2.98315,74,36.0,1.667
4804.005,4.99696,2.74291,74,36.0,1.667
4805.005,4.98902,2.50400,74,36.0,1.667
4806.005,4.99011,3.47443,74,36.0,1.667
4807.005,4.99768,3.23216,74,36.0,1.667
4808.005,5.00005,2.99078,74,36.0,1.667
4809.005,4.99729,2.75049,74,36.0,1.667
4810.005,4.98950,2.51153,74,36.0,1.667
4811.005,4.99074,3.48190,74,36.0,1.667
4812.005,4.99847,3.23957,74,36.0,1.667
4813.005,5.00098,2.99811,74,36.0,1.667
4814.005,4.99837,2.75774,74,36.0,1.667
4815.005,4.99072,2.51870,74,36.0,1.667
4816.005,4.99203,3.47262,73,36.0,1.667
4817.005,4.99954,3.23029,73,36.0,1.667
4818.005,5.00185,2.98882,73,36.0,1.667
4819.005,4.99902,2.74847,73,36.0,1.667
4820.005,4.99117,2.50944,73,36.0,1.667
4821.005,4.99235,3.47974,74,36.0,1.667
4822.005,5.00000,3.23735,74,36.0,1.667
4823.005,5.00245,2.99583,74,36.0,1.667
4824.005,4.99977,2.75541,74,36.0,1.667
4825.005,4.99205,2.51632,74,36.0,1.667
4826.005,4.99336,3.48654,74,36.0,1.667
4827.005,5.00115,3.24408,74,36.0,1.667
4828.005,5.00372,3.00247,74,36.0,1.667
4829.005,5.00116,2.76196,74,36.0,1.667
4830.005,4.99357,2.52277,74,36.0,1.667
4831.005,4.99493,3.47655,73,36.0,1.667
4832.005,5.00248,3.23406,73,36.0,1.667
4833.005,5.00483,2.99244,73,36.0,1.667
4834.005,5.00204,2.75193,73,36.0,1.667
4835.005,4.99422,2.51275,73,36.0,1.667
4836.005,4.99536,3.46655,73,36.0,1.667
4837.005,5.00270,3.22409,73,36.0,1.667
4838.005,5.00483,2.98252,73,36.0,1.667
4839.005,5.00184,2.74206,73,36.0,1.667
4840.005,4.99382,2.50294,73,36.0,1.667
4841.005,4.99482,3.47315,74,36.0,1.667
4842.005,5.00230,3.23068,74,36.0,1.667
4843.005,5.00458,2.98909,74,36.0,1.667
4844.005,5.00173,2.74861,74,36.0,1.667
4845.005,4.99384,2.50946,74,36.0,1.667
4846.005,4.99498,3.47964,74,36.0,1.667
4847.005,5.00260,3.23713,74,36.0,1.667
4848.005,5.00501,2.99550,74,36.0,1.667
4849.005,5.00229,2.75497,74,36.0,1.667
4850.005,4.99453,2.51576,74,36.0,1.667
4851.005,4.99573,3.46953,73,36.0,1.667
4852.005,5.00313,3.22704,73,36.0,1.667
4853.005,5.00531,2.98543,73,36.0,1.667
4854.005,5.00238,2.74493,73,36.0,1.667
4855.005,4.99440,2.50577,73,36.0,1.667
4856.005,4.99546,3.47594,74,36.0,1.667
4857.005,5.00300,3.23343,74,36.0,1.667
4858.005,5.00532,2.99180,74,36.0,1.667
4859.005,5.00251,2.75127,74,36.0,1.667
4860.005,4.99468,2.51208,74,36.0,1.667
4861.005,4.99586,3.48220,74,36.0,1.667
4862.005,5.00352,3.23964,74,36.0,1.667
4863.005,5.00597,2.99796,74,36.0,1.667
4864.005,5.00329,2.75737,74,36.0,1.667
4865.005,4.99557,2.51810,74,36.0,1.667
4866.005,4.99687,3.48816,74,36.0,1.667
4867.005,5.00464,3.24553,74,36.0,1.667
4868.005,5.00720,3.00376,74,36.0,1.667
4869.005,5.00462,2.76309,74,36.0,1.667
4870.005,4.99700,2.52374,74,36.0,1.667
4871.005,4.99834,3.47735,73,36.0,1.667
4872.005,5.00587,3.23470,73,36.0,1.667
4873.005,5.00818,2.99293,73,36.0,1.667
4874.005,5.00536,2.75227,73,36.0,1.667
4875.005,4.99751,2.51294,73,36.0,1.667
4876.005,4.99867,3.48293,74,36.0,1.667
4877.005,5.00631,3.24025,74,36.0,1.667
4878.005,5.00874,2.99843,74,36.0,1.667
4879.005,5.00603,2.75771,74,36.0,1.667
4880.005,4.99828,2.51833,74,36.0,1.667
4881.005,4.99948,3.47191,73,36.0,1.667
4882.005,5.00688,3.22924,73,36.0,1.667
4883.005,5.00906,2.98745,73,36.0,1.667
4884.005,5.00612,2.74677,73,36.0,1.667
4885.005,4.99814,2.50744,73,36.0,1.667
4886.005,4.99918,3.47743,74,36.0,1.667
4887.005,5.00670,3.23475,74,36.0,1.667
4888.005,5.00900,2.99294,74,36.0,1.667
4889.005,5.00617,2.75224,74,36.0,1.667
4890.005,4.99830,2.51287,74,36.0,1.667
4891.005,4.99946,3.48283,74,36.0,1.667
4892.005,5.00709,3.24011,74,36.0,1.667
4893.005,5.00950,2.99826,74,36.0,1.667
4894.005,5.00677,2.75751,74,36.0,1.667
4895.005,4.99901,2.51809,74,36.0,1.667
4896.005,5.00026,3.48799,74,36.0,1.667
4897.005,5.00799,3.24520,74,36.0,1.667
4898.005,5.01050,3.00329,74,36.0,1.667
4899.005,5.00787,2.76247,74,36.0,1.667
4900.005,5.00019,2.52297,74,36.0,1.667
4901.005,5.00147,3.47645,73,36.0,1.667
4902.005,5.00894,3.23366,73,36.0,1.667
4903.005,5.01119,2.99176,73,36.0,1.667
4904.005,5.00831,2.75097,73,36.0,1.667
4905.005,5.00038,2.51151,73,36.0,1.667
4906.005,5.00148,3.48138,74,36.0,1.667
4907.005,5.00905,3.23858,74,36.0,1.667
4908.005,5.01141,2.99664,74,36.0,1.667
4909.005,5.00862,2.75582,74,36.0,1.667
4910.005,5.00080,2.51632,74,36.0,1.667
4911.005,5.00199,3.48615,74,36.0,1.667
4912.005,5.00966,3.24330,74,36.0,1.667
4913.005,5.01210,3.00131,74,36.0,1.667
4914.005,5.00941,2.76043,74,36.0,1.667
4915.005,5.00167,2.52088,74,36.0,1.667
4916.005,5.00295,3.49065,74,36.0,1.667
4917.005,5.01070,3.24773,74,36.0,1.667
4918.005,5.01322,3.00567,74,36.0,1.667
4919.005,5.01061,2.76472,74,36.0,1.667
4920.005,5.00294,2.52509,74,36.0,1.667
4921.005,5.00423,3.47843,73,36.0,1.667
4922.005,5.01170,3.23551,73,36.0,1.667
4923.005,5.01396,2.99348,73,36.0,1.667
4924.005,5.01107,2.75255,73,36.0,1.667
4925.005,5.00315,2.51296,73,36.0,1.667
4926.005,5.00418,3.46635,73,36.0,1.667
4927.005,5.01140,3.22350,73,36.0,1.667
4928.005,5.01340,2.98153,73,36.0,1.667
4929.005,5.01027,2.74069,73,36.0,1.667
4930.005,5.00211,2.50120,73,36.0,1.667
4931.005,5.00290,3.45470,73,36.0,1.667
4932.005,5.00989,3.21196,73,36.0,1.667
4933.005,5.01167,2.97012,73,36.0,1.667
4934.005,5.00833,2.72941,73,36.0,1.667
4935.005,4.99995,2.49007,73,36.0,1.667
4936.005,5.00060,3.46007,74,36.0,1.667
4937.005,5.00773,3.21740,74,36.0,1.667
4938.005,5.00966,2.97564,74,36.0,1.667
4939.005,5.00645,2.73499,74,36.0,1.667
4940.005,4.99822,2.49570,74,36.0,1.667
4941.005,4.99901,3.46575,74,36.0,1.667
4942.005,5.00629,3.22313,74,36.0,1.667
4943.005,5.00835,2.98140,74,36.0,1.667
4944.005,5.00529,2.74079,74,36.0,1.667
4945.005,4.99719,2.50152,74,36.0,1.667
4946.005,4.99812,3.47159,74,36.0,1.667
4947.005,5.00553,3.22898,74,36.0,1.667
4948.005,5.00772,2.98725,74,36.0,1.667
4949.005,5.00479,2.74664,74,36.0,1.667
4950.005,4.99682,2.50736,74,36.0,1.667
4951.005,4.99788,3.47742,74,36.0,1.667
4952.005,5.00542,3.23479,74,36.0,1.667
4953.005,5.00774,2.99304,74,36.0,1.667
4954.005,5.00493,2.75240,74,36.0,1.667
4955.005,4.99708,2.51309,74,36.0,1.667
4956.005,4.99825,3.48310,74,36.0,1.667
4957.005,5.00590,3.24043,74,36.0,1.667
4958.005,5.00834,2.99863,74,36.0,1.667
4959.005,5.00564,2.75793,74,36.0,1.667
4960.005,4.99790,2.51856,74,36.0,1.667
4961.005,4.99917,3.48851,74,36.0,1.667
4962.005,5.00693,3.24577,74,36.0,1.667
4963.005,5.00946,3.00390,74,36.0,1.667
4964.005,5.00686,2.76312,74,36.0,1.667
4965.005,4.99921,2.52367,74,36.0,1.667
4966.005,5.00051,3.47718,73,36.0,1.667
4967.005,5.00801,3.23444,73,36.0,1.667
4968.005,5.01029,2.99258,73,36.0,1.667
4969.005,5.00744,2.75182,73,36.0,1.667
4970.005,4.99954,2.51240,73,36.0,1.667
4971.005,5.00067,3.48230,74,36.0,1.667
4972.005,5.00827,3.23953,74,36.0,1.667
4973.005,5.01065,2.99763,74,36.0,1.667
4974.005,5.00790,2.75683,74,36.0,1.667
4975.005,5.00011,2.51736,74,36.0,1.667
4976.005,5.00127,3.47087,73,36.0,1.667
4977.005,5.00862,3.22812,73,36.0,1.667
4978.005,5.01076,2.98626,73,36.0,1.667
4979.005,5.00777,2.74551,73,36.0,1.667
4980.005,4.99974,2.50611,73,36.0,1.667
4981.005,5.00073,3.47604,74,36.0,1.667
4982.005,5.00820,3.23329,74,36.0,1.667
4983.005,5.01045,2.99142,74,36.0,1.667
4984.005,5.00757,2.75066,74,36.0,1.667
4985.005,4.99965,2.51124,74,36.0,1.667
4986.005,5.00075,3.48115,74,36.0,1.667
4987.005,5.00833,3.23838,74,36.0,1.667
4988.005,5.01069,2.99648,74,36.0,1.667
4989.005,5.00791,2.75568,74,36.0,1.667
4990.005,5.00009,2.51622,74,36.0,1.667
4991.005,5.00123,3.46973,73,36.0,1.667
4992.005,5.00856,3.22699,73,36.0,1.667
4993.005,5.01067,2.98514,73,36.0,1.667
4994.005,5.00766,2.74441,73,36.0,1.667
4995.005,4.99961,2.50501,73,36.0,1.667
4996.005,5.00058,3.47495,74,36.0,1.667
4997.005,5.00803,3.23222,74,36.0,1.667
4998.005,5.01026,2.99036,74,36.0,1.667
4999.005,5.00736,2.74962,74,36.0,1.667
5000.005,4.99942,2.51021,74,36.0,1.667
5001.005,5.00050,3.48013,74,36.0,1.667
5002.005,5.00806,3.23738,74,36.0,1.667
5003.005,5.01040,2.99549,74,36.0,1.667
5004.005,5.00761,2.75472,74,36.0,1.667
5005.005,4.99977,2.51528,74,36.0,1.667
5006.005,5.00096,3.48516,74,36.0,1.667
5007.005,5.00862,3.24235,74,36.0,1.667
5008.005,5.01105,3.00042,74,36.0,1.667
5009.005,5.00836,2.75959,74,36.0,1.667
5010.005,5.00061,2.52009,74,36.0,1.667
5011.005,5.00183,3.47356,73,36.0,1.667
5012.005,5.00923,3.23077,73,36.0,1.667
5013.005,5.01141,2.98887,73,36.0,1.667
5014.005,5.00847,2.74808,73,36.0,1.667
5015.005,5.00048,2.50864,73,36.0,1.667
5016.005,5.00152,3.47852,74,36.0,1.667
5017.005,5.00903,3.23572,74,36.0,1.667
5018.005,5.01132,2.99381,74,36.0,1.667
5019.005,5.00848,2.75300,74,36.0,1.667
5020.005,5.00060,2.51352,74,36.0,1.667
5021.005,5.00174,3.48338,74,36.0,1.667
5022.005,5.00935,3.24055,74,36.0,1.667
5023.005,5.01174,2.99859,74,36.0,1.667
5024.005,5.00899,2.75774,74,36.0,1.667
5025.005,5.00120,2.51822,74,36.0,1.667
5026.005,5.00243,3.48802,74,36.0,1.667
5027.005,5.01013,3.24514,74,36.0,1.667
5028.005,5.01261,3.00312,74,36.0,1.667
5029.005,5.00994,2.76221,74,36.0,1.667
5030.005,5.00224,2.52262,74,36.0,1.667
5031.005,5.00348,3.47601,73,36.0,1.667
5032.005,5.01091,3.23313,73,36.0,1.667
5033.005,5.01313,2.99114,73,36.0,1.667
5034.005,5.01021,2.75027,73,36.0,1.667
5035.005,5.00224,2.51073,73,36.0,1.667
5036.005,5.00330,3.48052,74,36.0,1.667
5037.005,5.01083,3.23764,74,36.0,1.667
5038.005,5.01314,2.99563,74,36.0,1.667
5039.005,5.01031,2.75473,74,36.0,1.667
5040.005,5.00244,2.51516,74,36.0,1.667
5041.005,5.00359,3.48493,74,36.0,1.667
5042.005,5.01121,3.24200,74,36.0,1.667
5043.005,5.01360,2.99996,74,36.0,1.667
5044.005,5.01086,2.75901,74,36.0,1.667
5045.005,5.00308,2.51940,74,36.0,1.667
5046.005,5.00431,3.48911,74,36.0,1.667
5047.005,5.01200,3.24614,74,36.0,1.667
5048.005,5.01448,3.00404,74,36.0,1.667
5049.005,5.01181,2.76303,74,36.0,1.667
5050.005,5.00410,2.52336,74,36.0,1.667
5051.005,5.00533,3.47666,73,36.0,1.667
5052.005,5.01275,3.23370,73,36.0,1.667
5053.005,5.01495,2.99162,73,36.0,1.667
5054.005,5.01202,2.75066,73,36.0,1.667
5055.005,5.00404,2.51104,73,36.0,1.667
5056.005,5.00502,3.46440,73,36.0,1.667
5057.005,5.01218,3.22152,73,36.0,1.667
5058.005,5.01414,2.97953,73,36.0,1.667
5059.005,5.01096,2.73866,73,36.0,1.667
5060.005,5.00274,2.49915,73,36.0,1.667
5061.005,5.00354,3.46898,74,36.0,1.667
5062.005,5.01083,3.22614,74,36.0,1.667
5063.005,5.01289,2.98419,74,36.0,1.667
5064.005,5.00983,2.74336,74,36.0,1.667
5065.005,5.00173,2.50387,74,36.0,1.667
5066.005,5.00265,3.47372,74,36.0,1.667
5067.005,5.01004,3.23090,74,36.0,1.667
5068.005,5.01222,2.98896,74,36.0,1.667
5069.005,5.00926,2.74814,74,36.0,1.667
5070.005,5.00127,2.50865,74,36.0,1.667
5071.005,5.00229,3.47850,74,36.0,1.667
5072.005,5.00979,3.23567,74,36.0,1.667
5073.005,5.01207,2.99372,74,36.0,1.667
5074.005,5.00922,2.75287,74,36.0,1.667
5075.005,5.00133,2.51337,74,36.0,1.667
5076.005,5.00245,3.48319,74,36.0,1.667
5077.005,5.01005,3.24033,74,36.0,1.667
5078.005,5.01242,2.99834,74,36.0,1.667
5079.005,5.00967,2.75746,74,36.0,1.667
5080.005,5.00186,2.51791,74,36.0,1.667
5081.005,5.00307,3.48768,74,36.0,1.667
5082.005,5.01076,3.24477,74,36.0,1.667
5083.005,5.01322,3.00273,74,36.0,1.667
5084.005,5.01054,2.76179,74,36.0,1.667
5085.005,5.00282,2.52218,74,36.0,1.667
5086.005,5.00405,3.47554,73,36.0,1.667
5087.005,5.01146,3.23265,73,36.0,1.667
5088.005,5.01366,2.99063,73,36.0,1.667
5089.005,5.01072,2.74974,73,36.0,1.667
5090.005,5.00274,2.51018,73,36.0,1.667
5091.005,5.00377,3.47995,74,36.0,1.667
5092.005,5.01129,3.23705,74,36.0,1.667
5093.005,5.01358,2.99502,74,36.0,1.667
5094.005,5.01073,2.75411,74,36.0,1.667
5095.005,5.00284,2.51452,74,36.0,1.667
5096.005,5.00391,3.46792,73,36.0,1.667
5097.005,5.01117,3.22507,73,36.0,1.667
5098.005,5.01320,2.98311,73,36.0,1.667
5099.005,5.01011,2.74227,73,36.0,1.667
5100.005,5.00198,2.50278,73,36.0,1.667
5101.005,5.00281,3.45627,73,36.0,1.667
5102.005,5.00984,3.21353,73,36.0,1.667
5103.005,5.01165,2.97168,73,36.0,1.667
5104.005,5.00834,2.73097,73,36.0,1.667
5105.005,5.00000,2.49161,73,36.0,1.667
5106.005,5.00068,3.46160,74,36.0,1.667
5107.005,5.00784,3.21893,74,36.0,1.667
5108.005,5.00980,2.97715,74,36.0,1.667
5109.005,5.00663,2.73650,74,36.0,1.667
5110.005,4.99842,2.49719,74,36.0,1.667
5111.005,4.99924,3.46722,74,36.0,1.667
5112.005,5.00654,3.22458,74,36.0,1.667
5113.005,5.00863,2.98283,74,36.0,1.667
5114.005,5.00560,2.74220,74,36.0,1.667
5115.005,4.99752,2.50291,74,36.0,1.667
5116.005,4.99848,3.47296,74,36.0,1.667
5117.005,5.00591,3.23033,74,36.0,1.667
5118.005,5.00813,2.98858,74,36.0,1.667
5119.005,5.00522,2.74794,74,36.0,1.667
5120.005,4.99728,2.50864,74,36.0,1.667
5121.005,4.99835,3.47866,74,36.0,1.667
5122.005,5.00591,3.23601,74,36.0,1.667
5123.005,5.00825,2.99423,74,36.0,1.667
5124.005,5.00546,2.75356,74,36.0,1.667
5125.005,4.99763,2.51422,74,36.0,1.667
5126.005,4.99882,3.48420,74,36.0,1.667
5127.005,5.00648,3.24150,74,36.0,1.667
5128.005,5.00893,2.99967,74,36.0,1.667
5129.005,5.00625,2.75894,74,36.0,1.667
5130.005,4.99852,2.51953,74,36.0,1.667
5131.005,4.99975,3.47310,73,36.0,1.667
5132.005,5.00717,3.23041,73,36.0,1.667
5133.005,5.00937,2.98860,73,36.0,1.667
5134.005,5.00645,2.74791,73,36.0,1.667
5135.005,4.99848,2.50855,73,36.0,1.667
5136.005,4.99954,3.47853,74,36.0,1.667
5137.005,5.00708,3.23582,74,36.0,1.667
5138.005,5.00940,2.99399,74,36.0,1.667
5139.005,5.00659,2.75327,74,36.0,1.667
5140.005,4.99874,2.51388,74,36.0,1.667
5141.005,4.99991,3.48381,74,36.0,1.667
5142.005,5.00755,3.24106,74,36.0,1.667
5143.005,5.00997,2.99918,74,36.0,1.667
5144.005,5.00727,2.75841,74,36.0,1.667
5145.005,4.99951,2.51896,74,36.0,1.667
5146.005,5.00078,3.48884,74,36.0,1.667
5147.005,5.00852,3.24602,74,36.0,1.667
5148.005,5.01103,3.00408,74,36.0,1.667
5149.005,5.00841,2.76323,74,36.0,1.667
5150.005,5.00075,2.52371,74,36.0,1.667
5151.005,5.00204,3.47715,73,36.0,1.667
5152.005,5.00951,3.23434,73,36.0,1.667
5153.005,5.01177,2.99241,73,36.0,1.667
5154.005,5.00889,2.75159,73,36.0,1.667
5155.005,5.00097,2.51210,73,36.0,1.667
5156.005,5.00208,3.48194,74,36.0,1.667
5157.005,5.00965,3.23911,74,36.0,1.667
5158.005,5.01201,2.99714,74,36.0,1.667
5159.005,5.00923,2.75629,74,36.0,1.667
5160.005,5.00141,2.51676,74,36.0,1.667
5161.005,5.00260,3.48656,74,36.0,1.667
5162.005,5.01027,3.24368,74,36.0,1.667
5163.005,5.01271,3.00167,74,36.0,1.667
5164.005,5.01002,2.76076,74,36.0,1.667
5165.005,5.00228,2.52117,74,36.0,1.667
5166.005,5.00349,3.47456,73,36.0,1.667
5167.005,5.01089,3.23170,73,36.0,1.667
5168.005,5.01308,2.98972,73,36.0,1.667
5169.005,5.01013,2.74885,73,36.0,1.667
5170.005,5.00213,2.50932,73,36.0,1.667
5171.005,5.00316,3.47913,74,36.0,1.667
5172.005,5.01066,3.23625,74,36.0,1.667
5173.005,5.01295,2.99426,74,36.0,1.667
5174.005,5.01009,2.75337,74,36.0,1.667
5175.005,5.00220,2.51383,74,36.0,1.667
5176.005,5.00332,3.48361,74,36.0,1.667
5177.005,5.01092,3.24070,74,36.0,1.667
5178.005,5.01329,2.99868,74,36.0,1.667
5179.005,5.01052,2.75775,74,36.0,1.667
5180.005,5.00272,2.51816,74,36.0,1.667
5181.005,5.00392,3.48790,74,36.0,1.667
5182.005,5.01160,3.24495,74,36.0,1.667
5183.005,5.01405,3.00287,74,36.0,1.667
5184.005,5.01137,2.76189,74,36.0,1.667
5185.005,5.00363,2.52224,74,36.0,1.667
5186.005,5.00491,3.49192,74,36.0,1.667
5187.005,5.01266,3.24890,74,36.0,1.667
5188.005,5.01519,3.00675,74,36.0,1.667
5189.005,5.01257,2.76570,74,36.0,1.667
5190.005,5.00490,2.52598,74,36.0,1.667
5191.005,5.00618,3.47923,73,36.0,1.667
5192.005,5.01364,3.23622,73,36.0,1.667
5193.005,5.01589,2.99409,73,36.0,1.667
5194.005,5.01299,2.75308,73,36.0,1.667
5195.005,5.00505,2.51340,73,36.0,1.667
5196.005,5.00606,3.46670,73,36.0,1.667
5197.005,5.01327,3.22376,73,36.0,1.667
5198.005,5.01525,2.98171,73,36.0,1.667
5199.005,5.01210,2.74079,73,36.0,1.667
5200.005,5.00392,2.50121,73,36.0,1.667
5201.005,5.00469,3.45462,73,36.0,1.667
5202.005,5.01165,3.21181,73,36.0,1.667
5203.005,5.01341,2.96989,73,36.0,1.667
5204.005,5.01003,2.72911,73,36.0,1.667
5205.005,5.00163,2.48968,73,36.0,1.667
5206.005,5.00225,3.45961,74,36.0,1.667
5207.005,5.00935,3.21688,74,36.0,1.667
5208.005,5.01124,2.97504,74,36.0,1.667
5209.005,5.00800,2.73433,74,36.0,1.667
5210.005,4.99974,2.49497,74,36.0,1.667
5211.005,5.00049,3.46495,74,36.0,1.667
5212.005,5.00773,3.22227,74,36.0,1.667
5213.005,5.00976,2.98048,74,36.0,1.667
5214.005,5.00665,2.73981,74,36.0,1.667
5215.005,4.99852,2.50048,74,36.0,1.667
5216.005,4.99941,3.47049,74,36.0,1.667
5217.005,5.00678,3.22783,74,36.0,1.667
5218.005,5.00893,2.98606,74,36.0,1.667
5219.005,5.00596,2.74540,74,36.0,1.667
5220.005,4.99795,2.50607,74,36.0,1.667
5221.005,4.99897,3.47608,74,36.0,1.667
5222.005,5.00646,3.23341,74,36.0,1.667
5223.005,5.00874,2.99162,74,36.0,1.667
5224.005,5.00588,2.75094,74,36.0,1.667
5225.005,4.99799,2.51160,74,36.0,1.667
5226.005,4.99912,3.48158,74,36.0,1.667
5227.005,5.00673,3.23887,74,36.0,1.667
5228.005,5.00912,2.99704,74,36.0,1.667
5229.005,5.00638,2.75632,74,36.0,1.667
5230.005,4.99859,2.51692,74,36.0,1.667
5231.005,4.99976,3.47050,73,36.0,1.667
5232.005,5.00713,3.22782,73,36.0,1.667
5233.005,5.00928,2.98603,73,36.0,1.667
5234.005,5.00630,2.74535,73,36.0,1.667
5235.005,4.99829,2.50601,73,36.0,1.667
5236.005,4.99930,3.47601,74,36.0,1.667
5237.005,5.00678,3.23333,74,36.0,1.667
5238.005,5.00905,2.99152,74,36.0,1.667
5239.005,5.00620,2.75083,74,36.0,1.667
5240.005,4.99830,2.51147,74,36.0,1.667
5241.005,4.99942,3.48143,74,36.0,1.667
5242.005,5.00702,3.23872,74,36.0,1.667
5243.005,5.00940,2.99688,74,36.0,1.667
5244.005,5.00665,2.75614,74,36.0,1.667
5245.005,4.99886,2.51673,74,36.0,1.667
5246.005,5.00009,3.48665,74,36.0,1.667
5247.005,5.00779,3.24388,74,36.0,1.667
5248.005,5.01027,3.00197,74,36.0,1.667
5249.005,5.00762,2.76117,74,36.0,1.667
5250.005,4.99992,2.52169,74,36.0,1.667
5251.005,5.00123,3.49154,74,36.0,1.667
5252.005,5.00902,3.24869,74,36.0,1.667
5253.005,5.01159,3.00671,74,36.0,1.667
5254.005,5.00902,2.76582,74,36.0,1.667
5255.005,5.00140,2.52626,74,36.0,1.667
5256.005,5.00273,3.47966,73,36.0,1.667
5257.005,5.01025,3.23681,73,36.0,1.667
5258.005,5.01255,2.99483,73,36.0,1.667
5259.005,5.00971,2.75396,73,36.0,1.667
5260.005,5.00184,2.51442,73,36.0,1.667
5261.005,5.00298,3.48422,74,36.0,1.667
5262.005,5.01059,3.24133,74,36.0,1.667
5263.005,5.01298,2.99931,74,36.0,1.667
5264.005,5.01023,2.75840,74,36.0,1.667
5265.005,5.00244,2.51882,74,36.0,1.667
5266.005,5.00360,3.47221,73,36.0,1.667
5267.005,5.01095,3.22936,73,36.0,1.667
5268.005,5.01308,2.98738,73,36.0,1.667
5269.005,5.01009,2.74653,73,36.0,1.667
5270.005,5.00205,2.50701,73,36.0,1.667
5271.005,5.00303,3.47683,74,36.0,1.667
5272.005,5.01048,3.23398,74,36.0,1.667
5273.005,5.01272,2.99200,74,36.0,1.667
5274.005,5.00982,2.75114,74,36.0,1.667
5275.005,5.00188,2.51162,74,36.0,1.667
5276.005,5.00296,3.48142,74,36.0,1.667
5277.005,5.01052,3.23855,74,36.0,1.667
5278.005,5.01285,2.99655,74,36.0,1.667
5279.005,5.01004,2.75566,74,36.0,1.667
5280.005,5.00220,2.51610,74,36.0,1.667
5281.005,5.00331,3.46952,73,36.0,1.667
5282.005,5.01060,3.22669,73,36.0,1.667
5283.005,5.01268,2.98474,73,36.0,1.667
5284.005,5.00963,2.74392,73,36.0,1.667
5285.005,5.00155,2.50444,73,36.0,1.667
5286.005,5.00248,3.47429,74,36.0,1.667
5287.005,5.00989,3.23148,74,36.0,1.667
5288.005,5.01208,2.98954,74,36.0,1.667
5289.005,5.00914,2.74872,74,36.0,1.667
5290.005,5.00116,2.50924,74,36.0,1.667
5291.005,5.00220,3.47909,74,36.0,1.667
5292.005,5.00971,3.23626,74,36.0,1.667
5293.005,5.01200,2.99431,74,36.0,1.667
5294.005,5.00917,2.75346,74,36.0,1.667
5295.005,5.00128,2.51396,74,36.0,1.667
5296.005,5.00242,3.48378,74,36.0,1.667
5297.005,5.01003,3.24091,74,36.0,1.667
5298.005,5.01242,2.99893,74,36.0,1.667
5299.005,5.00967,2.75804,74,36.0,1.667
5300.005,5.00188,2.51849,74,36.0,1.667
5301.005,5.00311,3.48826,74,36.0,1.667
5302.005,5.01080,3.24534,74,36.0,1.667
5303.005,5.01327,3.00330,74,36.0,1.667
5304.005,5.01061,2.76235,74,36.0,1.667
5305.005,5.00289,2.52274,74,36.0,1.667
5306.005,5.00413,3.47609,73,36.0,1.667
5307.005,5.01156,3.23319,73,36.0,1.667
5308.005,5.01376,2.99117,73,36.0,1.667
5309.005,5.01083,2.75026,73,36.0,1.667
5310.005,5.00286,2.51070,73,36.0,1.667
5311.005,5.00391,3.48046,74,36.0,1.667
5312.005,5.01143,3.23755,74,36.0,1.667
5313.005,5.01373,2.99551,74,36.0,1.667
5314.005,5.01089,2.75459,74,36.0,1.667
5315.005,5.00301,2.51500,74,36.0,1.667
5316.005,5.00415,3.48473,74,36.0,1.667
5317.005,5.01176,3.24179,74,36.0,1.667
5318.005,5.01414,2.99972,74,36.0,1.667
5319.005,5.01139,2.75875,74,36.0,1.667
5320.005,5.00359,2.51912,74,36.0,1.667
5321.005,5.00481,3.48881,74,36.0,1.667
5322.005,5.01249,3.24581,74,36.0,1.667
5323.005,5.01495,3.00369,74,36.0,1.667
5324.005,5.01227,2.76267,74,36.0,1.667
5325.005,5.00454,2.52298,74,36.0,1.667
5326.005,5.00576,3.47625,73,36.0,1.667
5327.005,5.01317,3.23328,73,36.0,1.667
5328.005,5.01536,2.99119,73,36.0,1.667
5329.005,5.01241,2.75021,73,36.0,1.667
5330.005,5.00442,2.51057,73,36.0,1.667
5331.005,5.00538,3.46392,73,36.0,1.667
5332.005,5.01253,3.22102,73,36.0,1.667
5333.005,5.01447,2.97902,73,36.0,1.667
5334.005,5.01127,2.73814,73,36.0,1.667
5335.005,5.00304,2.49862,73,36.0,1.667
5336.005,5.00383,3.46843,74,36.0,1.667
5337.005,5.01110,3.22559,74,36.0,1.667
5338.005,5.01315,2.98363,74,36.0,1.667
5339.005,5.01007,2.74279,74,36.0,1.667
5340.005,5.00195,2.50329,74,36.0,1.667
5341.005,5.00285,3.47313,74,36.0,1.667
5342.005,5.01023,3.23031,74,36.0,1.667
5343.005,5.01240,2.98836,74,36.0,1.667
5344.005,5.00943,2.74753,74,36.0,1.667
5345.005,5.00142,2.50804,74,36.0,1.667
5346.005,5.00243,3.47789,74,36.0,1.667
5347.005,5.00991,3.23505,74,36.0,1.667
5348.005,5.01218,2.99310,74,36.0,1.667
5349.005,5.00931,2.75225,74,36.0,1.667
5350.005,5.00140,2.51275,74,36.0,1.667
5351.005,5.00251,3.48257,74,36.0,1.667
5352.005,5.01010,3.23971,74,36.0,1.667
5353.005,5.01246,2.99772,74,36.0,1.667
5354.005,5.00969,2.75684,74,36.0,1.667
5355.005,5.00187,2.51729,74,36.0,1.667
5356.005,5.00307,3.48707,74,36.0,1.667
5357.005,5.01074,3.24416,74,36.0,1.667
5358.005,5.01319,3.00213,74,36.0,1.667
5359.005,5.01050,2.76119,74,36.0,1.667
5360.005,5.00276,2.52159,74,36.0,1.667
5361.005,5.00398,3.47495,73,36.0,1.667
5362.005,5.01138,3.23206,73,36.0,1.667
5363.005,5.01356,2.99006,73,36.0,1.667
5364.005,5.01062,2.74917,73,36.0,1.667
5365.005,5.00262,2.50961,73,36.0,1.667
5366.005,5.00359,3.46305,73,36.0,1.667
5367.005,5.01075,3.22023,73,36.0,1.667
5368.005,5.01269,2.97832,73,36.0,1.667
5369.005,5.00950,2.73752,73,36.0,1.667
5370.005,5.00128,2.49808,73,36.0,1.667
5371.005,5.00208,3.46798,74,36.0,1.667
5372.005,5.00937,3.22521,74,36.0,1.667
5373.005,5.01143,2.98333,74,36.0,1.667
5374.005,5.00837,2.74257,74,36.0,1.667
5375.005,5.00027,2.50315,74,36.0,1.667
5376.005,5.00119,3.47307,74,36.0,1.667
5377.005,5.00859,3.23032,74,36.0,1.667
5378.005,5.01078,2.98845,74,36.0,1.667
5379.005,5.00783,2.74769,74,36.0,1.667
5380.005,4.99984,2.50827,74,36.0,1.667
5381.005,5.00088,3.47819,74,36.0,1.667
5382.005,5.00839,3.23542,74,36.0,1.667
5383.005,5.01069,2.99354,74,36.0,1.667
5384.005,5.00785,2.75276,74,36.0,1.667
5385.005,4.99997,2.51331,74,36.0,1.667
5386.005,5.00111,3.48320,74,36.0,1.667
5387.005,5.00873,3.24039,74,36.0,1.667
5388.005,5.01112,2.99847,74,36.0,1.667
5389.005,5.00838,2.75764,74,36.0,1.667
5390.005,5.00060,2.51815,74,36.0,1.667
5391.005,5.00177,3.47163,73,36.0,1.667
5392.005,5.00913,3.22886,73,36.0,1.667
5393.005,5.01128,2.98697,73,36.0,1.667
5394.005,5.00829,2.74620,73,36.0,1.667
5395.005,5.00027,2.50677,73,36.0,1.667
5396.005,5.00127,3.47667,74,36.0,1.667
5397.005,5.00874,3.23389,74,36.0,1.667
5398.005,5.01100,2.99200,74,36.0,1.667
5399.005,5.00813,2.75121,74,36.0,1.667
5400.005,5.00021,2.51176,74,36.0,1.667
5401.005,5.00132,3.48164,74,36.0,1.667
5402.005,5.00890,3.23884,74,36.0,1.667
5403.005,5.01126,2.99691,74,36.0,1.667
5404.005,5.00848,2.75609,74,36.0,1.667
5405.005,5.00067,2.51660,74,36.0,1.667
5406.005,5.00187,3.48644,74,36.0,1.667
5407.005,5.00954,3.24359,74,36.0,1.667
5408.005,5.01199,3.00161,74,36.0,1.667
5409.005,5.00931,2.76073,74,36.0,1.667
5410.005,5.00158,2.52118,74,36.0,1.667
5411.005,5.00286,3.49095,74,36.0,1.667
5412.005,5.01062,3.24803,74,36.0,1.667
5413.005,5.01315,3.00598,74,36.0,1.667
5414.005,5.01054,2.76503,74,36.0,1.667
5415.005,5.00288,2.52540,74,36.0,1.667
5416.005,5.00418,3.47874,73,36.0,1.667
5417.005,5.01166,3.23582,73,36.0,1.667
5418.005,5.01392,2.99379,73,36.0,1.667
5419.005,5.01104,2.75286,73,36.0,1.667
5420.005,5.00313,2.51327,73,36.0,1.667
5421.005,5.00416,3.46666,73,36.0,1.667
5422.005,5.01139,3.22381,73,36.0,1.667
5423.005,5.01340,2.98184,73,36.0,1.667
5424.005,5.01028,2.74100,73,36.0,1.667
5425.005,5.00212,2.50151,73,36.0,1.667
5426.005,5.00292,3.45500,73,36.0,1.667
5427.005,5.00992,3.21226,73,36.0,1.667
5428.005,5.01170,2.97042,73,36.0,1.667
5429.005,5.00836,2.72971,73,36.0,1.667
5430.005,4.99999,2.49036,73,36.0,1.667
5431.005,5.00065,3.46036,74,36.0,1.667
5432.005,5.00779,3.21769,74,36.0,1.667
5433.005,5.00971,2.97592,74,36.0,1.667
5434.005,5.00652,2.73527,74,36.0,1.667
5435.005,4.99829,2.49598,74,36.0,1.667
5436.005,4.99908,3.46602,74,36.0,1.667
5437.005,5.00636,3.22340,74,36.0,1.667
5438.005,5.00843,2.98166,74,36.0,1.667
5439.005,5.00537,2.74104,74,36.0,1.667
5440.005,4.99728,2.50177,74,36.0,1.667
5441.005,4.99821,3.47183,74,36.0,1.667
5442.005,5.00563,3.22922,74,36.0,1.667
5443.005,5.00783,2.98749,74,36.0,1.667
5444.005,5.00490,2.74687,74,36.0,1.667
5445.005,4.99693,2.50759,74,36.0,1.667
5446.005,4.99799,3.47763,74,36.0,1.667
5447.005,5.00553,3.23500,74,36.0,1.667
5448.005,5.00786,2.99325,74,36.0,1.667
5449.005,5.00505,2.75260,74,36.0,1.667
5450.005,4.99720,2.51328,74,36.0,1.667
5451.005,4.99838,3.48329,74,36.0,1.667
5452.005,5.00603,3.24061,74,36.0,1.667
5453.005,5.00847,2.99880,74,36.0,1.667
5454.005,5.00577,2.75810,74,36.0,1.667
5455.005,4.99803,2.51872,74,36.0,1.667
5456.005,4.99925,3.47231,73,36.0,1.667
5457.005,5.00666,3.22965,73,36.0,1.667
5458.005,5.00885,2.98787,73,36.0,1.667
5459.005,5.00592,2.74720,73,36.0,1.667
5460.005,4.99795,2.50787,73,36.0,1.667
5461.005,4.99900,3.47787,74,36.0,1.667
5462.005,5.00653,3.23519,74,36.0,1.667
5463.005,5.00885,2.99339,74,36.0,1.667
5464.005,5.00603,2.75270,74,36.0,1.667
5465.005,4.99817,2.51333,74,36.0,1.667
5466.005,4.99927,3.46695,73,36.0,1.667
5467.005,5.00657,3.22431,73,36.0,1.667
5468.005,5.00866,2.98256,73,36.0,1.667
5469.005,5.00561,2.74193,73,36.0,1.667
5470.005,4.99753,2.50264,73,36.0,1.667
5471.005,4.99848,3.47268,74,36.0,1.667
5472.005,5.00591,3.23005,74,36.0,1.667
5473.005,5.00812,2.98831,74,36.0,1.667
5474.005,5.00521,2.74767,74,36.0,1.667
5475.005,4.99726,2.50837,74,36.0,1.667
5476.005,4.99833,3.47840,74,36.0,1.667
5477.005,5.00588,3.23575,74,36.0,1.667
5478.005,5.00821,2.99397,74,36.0,1.667
5479.005,5.00542,2.75330,74,36.0,1.667
5480.005,4.99758,2.51396,74,36.0,1.667
5481.005,4.99877,3.48395,74,36.0,1.667
5482.005,5.00643,3.24125,74,36.0,1.667
5483.005,5.00887,2.99942,74,36.0,1.667
5484.005,5.00618,2.75870,74,36.0,1.667
5485.005,4.99845,2.51930,74,36.0,1.667
5486.005,4.99968,3.47287,73,36.0,1.667
5487.005,5.00709,3.23018,73,36.0,1.667
5488.005,5.00929,2.98838,73,36.0,1.667
5489.005,5.00636,2.74769,73,36.0,1.667
5490.005,4.99840,2.50834,73,36.0,1.667
5491.005,4.99946,3.47832,74,36.0,1.667
5492.005,5.00699,3.23562,74,36.0,1.667
5493.005,5.00931,2.99379,74,36.0,1.667
5494.005,5.00649,2.75307,74,36.0,1.667
5495.005,4.99864,2.51369,74,36.0,1.667
5496.005,4.99980,3.48363,74,36.0,1.667
5497.005,5.00745,3.24088,74,36.0,1.667
5498.005,5.00987,2.99901,74,36.0,1.667
5499.005,5.00715,2.75824,74,36.0,1.667
5500.005,4.99940,2.51880,74,36.0,1.667
5501.005,4.99756,3.22029,74,28.0,1.667
5502.005,4.99968,2.97897,74,28.0,1.667
5503.005,4.99668,2.73876,74,28.0,1.667
5504.005,4.98865,2.49989,74,28.0,1.667
5505.005,4.97569,2.26257,74,28.0,1.667
5506.005,4.96896,3.03001,79,28.0,1.667
5507.005,4.96744,2.79093,79,28.0,1.667
5508.005,4.96090,2.55311,79,28.0,1.667
5509.005,4.94943,2.31678,79,28.0,1.667
5510.005,4.93313,2.08216,79,28.0,1.667
5511.005,4.92329,2.91602,84,28.0,1.667
5512.005,4.91997,2.67957,84,28.0,1.667
5513.005,4.91170,2.44445,84,28.0,1.667
5514.005,4.89859,2.21088,84,28.0,1.667
5515.005,4.88072,1.97908,84,28.0,1.667
5516.005,4.86944,2.85400,87,28.0,1.667
5517.005,4.86552,2.62028,87,28.0,1.667
5518.005,4.85672,2.38791,87,28.0,1.667
5519.005,4.84314,2.15711,87,28.0,1.667
5520.005,4.82487,1.92807,87,28.0,1.667
5521.005,4.81328,2.84394,90,28.0,1.667
5522.005,4.80988,2.61280,90,28.0,1.667
5523.005,4.80166,2.38298,90,28.0,1.667
5524.005,4.78870,2.15468,90,28.0,1.667
5525.005,4.77109,1.92811,90,28.0,1.667
5526.005,4.76021,2.84640,90,28.0,1.667
5527.005,4.75757,2.61764,90,28.0,1.667
5528.005,4.75013,2.39015,90,28.0,1.667
5529.005,4.73800,2.16414,90,28.0,1.667
5530.005,4.72126,1.93980,90,28.0,1.667
5531.005,4.71128,2.87301,92,28.0,1.667
5532.005,4.71011,2.65899,92,28.0,1.667
5533.005,4.70418,2.43343,92,28.0,1.667
5534.005,4.69356,2.20927,92,28.0,1.667
5535.005,4.67836,1.98671,92,28.0,1.667
5536.005,4.66994,2.92161,91,28.0,1.667
5537.005,4.67007,2.69654,91,28.0,1.667
5538.005,4.66545,2.47260,91,28.0,1.667
5539.005,4.65617,2.24999,91,28.0,1.667
5540.005,4.64232,2.02891,91,28.0,1.667
5541.005,4.63527,2.96523,92,28.0,1.667
5542.005,4.63704,2.75417,92,28.0,1.667
5543.005,4.63408,2.53143,92,28.0,1.667
5544.005,4.62645,2.30993,92,28.0,1.667
5545.005,4.61425,2.08989,92,28.0,1.667
5546.005,4.60885,3.02717,91,28.0,1.667
5547.005,4.61201,2.80433,91,28.0,1.667
5548.005,4.61044,2.58246,91,28.0,1.667
5549.005,4.60420,2.36178,91,28.0,1.667
5550.005,4.59339,2.14248,91,28.0,1.667
5551.005,4.58937,3.08043,91,28.0,1.667
5552.005,4.59391,2.85820,91,28.0,1.667
5553.005,4.59371,2.63688,91,28.0,1.667
5554.005,4.58884,2.41668,91,28.0,1.667
5555.005,4.57939,2.19780,91,28.0,1.667
5556.005,4.57672,3.13610,91,28.0,1.667
5557.005,4.58260,2.91416,91,28.0,1.667
5558.005,4.58373,2.69307,91,28.0,1.667
5559.005,4.58018,2.47304,91,28.0,1.667
5560.005,4.57203,2.25427,91,28.0,1.667
5561.005,4.57065,3.19262,91,28.0,1.667
5562.005,4.57781,2.97067,91,28.0,1.667
5563.005,4.58018,2.74951,91,28.0,1.667
5564.005,4.57787,2.52935,91,28.0,1.667
5565.005,4.57094,2.31040,91,28.0,1.667
5566.005,4.57076,3.23580,90,28.0,1.667
5567.005,4.57882,3.01363,90,28.0,1.667
5568.005,4.58209,2.79221,90,28.0,1.667
5569.005,4.58065,2.57175,90,28.0,1.667
5570.005,4.57458,2.35246,90,28.0,1.667
5571.005,4.57524,3.27748,90,28.0,1.667
5572.005,4.58412,3.05490,90,28.0,1.667
5573.005,4.58819,2.83304,90,28.0,1.667
5574.005,4.58753,2.61210,90,28.0,1.667
5575.005,4.58222,2.39230,90,28.0,1.667
5576.005,4.58362,3.31677,90,28.0,1.667
5577.005,4.59322,3.09362,90,28.0,1.667
5578.005,4.59799,2.87115,90,28.0,1.667
5579.005,4.59801,2.64958,90,28.0,1.667
5580.005,4.59335,2.42912,90,28.0,1.667
5581.005,4.59537,3.35291,90,28.0,1.667
5582.005,4.60558,3.12904,90,28.0,1.667
5583.005,4.61094,2.90584,90,28.0,1.667
5584.005,4.61151,2.68351,90,28.0,1.667
5585.005,4.60739,2.46228,90,28.0,1.667
5586.005,4.60993,3.37254,89,28.0,1.667
5587.005,4.62036,3.14792,89,28.0,1.667
5588.005,4.62592,2.92395,89,28.0,1.667
5589.005,4.62668,2.70086,89,28.0,1.667
5590.005,4.62272,2.47885,89,28.0,1.667
5591.005,4.62541,3.40107,90,28.0,1.667
5592.005,4.63624,3.17561,90,28.0,1.667
5593.005,4.64217,2.95079,90,28.0,1.667
5594.005,4.64329,2.72683,90,28.0,1.667
5595.005,4.63966,2.50394,90,28.0,1.667
5596.005,4.64266,3.42527,90,28.0,1.667
5597.005,4.65377,3.19891,90,28.0,1.667
5598.005,4.65996,2.97319,90,28.0,1.667
5599.005,4.66131,2.74831,90,28.0,1.667
5600.005,4.65790,2.52451,90,28.0,1.667
5601.005,4.66109,3.44491,90,28.0,1.667
5602.005,4.67238,3.21762,90,28.0,1.667
5603.005,4.67872,2.99097,90,28.0,1.667
5604.005,4.68020,2.76516,90,28.0,1.667
5605.005,4.67689,2.54041,90,28.0,1.667
5606.005,4.68017,3.45988,90,28.0,1.667
5607.005,4.69152,3.23166,90,28.0,1.667
5608.005,4.69790,3.00407,90,28.0,1.667
5609.005,4.69941,2.77733,90,28.0,1.667
5610.005,4.69611,2.55166,90,28.0,1.667
5611.005,4.69937,3.47021,90,28.0,1.667
5612.005,4.71068,3.24107,90,28.0,1.667
5613.005,4.71701,3.01257,90,28.0,1.667
5614.005,4.71844,2.78493,90,28.0,1.667
5615.005,4.71505,2.55836,90,28.0,1.667
5616.005,4.71820,3.47602,90,28.0,1.667
5617.005,4.72939,3.24600,90,28.0,1.667
5618.005,4.73558,3.01663,90,28.0,1.667
5619.005,4.73685,2.78814,90,28.0,1.667
5620.005,4.73329,2.56072,90,28.0,1.667
5621.005,4.73625,3.49028,91,28.0,1.667
5622.005,4.74750,3.25937,91,28.0,1.667
5623.005,4.75374,3.02912,91,28.0,1.667
5624.005,4.75503,2.79974,91,28.0,1.667
5625.005,4.75147,2.57146,91,28.0,1.667
5626.005,4.75442,3.50013,91,28.0,1.667
5627.005,4.76564,3.26836,91,28.0,1.667
5628.005,4.77183,3.03725,91,28.0,1.667
5629.005,4.77306,2.80702,91,28.0,1.667
5630.005,4.76942,2.57788,91,28.0,1.667
5631.005,4.77226,3.50572,91,28.0,1.667
5632.005,4.78337,3.27311,91,28.0,1.667
5633.005,4.78942,3.04118,91,28.0,1.667
5634.005,4.79050,2.81013,91,28.0,1.667
5635.005,4.78669,2.58019,91,28.0,1.667
5636.005,4.78936,3.50724,92,28.0,1.667
5637.005,4.80054,3.28652,92,28.0,1.667
5638.005,4.80665,3.05375,92,28.0,1.667
5639.005,4.80777,2.82186,92,28.0,1.667
5640.005,4.80398,2.59109,92,28.0,1.667
5641.005,4.80665,3.51730,91,28.0,1.667
5642.005,4.81755,3.28309,91,28.0,1.667
5643.005,4.82336,3.04956,91,28.0,1.667
5644.005,4.82417,2.81695,91,28.0,1.667
5645.005,4.82006,2.58546,91,28.0,1.667
5646.005,4.82240,3.51097,91,28.0,1.667
5647.005,4.83296,3.27609,91,28.0,1.667
5648.005,4.83842,3.04190,91,28.0,1.667
5649.005,4.83887,2.80864,91,28.0,1.667
5650.005,4.83440,2.57653,91,28.0,1.667
5651.005,4.83636,3.50145,92,28.0,1.667
5652.005,4.84680,3.27864,92,28.0,1.667
5653.005,4.85213,3.04382,92,28.0,1.667
5654.005,4.85244,2.80993,92,28.0,1.667
5655.005,4.84781,2.57721,92,28.0,1.667
5656.005,4.84962,3.50151,92,28.0,1.667
5657.005,4.85988,3.27811,92,28.0,1.667
5658.005,4.86503,3.04270,92,28.0,1.667
5659.005,4.86515,2.80824,92,28.0,1.667
5660.005,4.86032,2.57495,92,28.0,1.667
5661.005,4.86191,3.49871,93,28.0,1.667
5662.005,4.87222,3.28743,93,28.0,1.667
5663.005,4.87740,3.05142,93,28.0,1.667
5664.005,4.87754,2.81635,93,28.0,1.667
5665.005,4.87272,2.58246,93,28.0,1.667
5666.005,4.87430,3.50562,93,28.0,1.667
5667.005,4.88459,3.29375,93,28.0,1.667
5668.005,4.88975,3.05715,93,28.0,1.667
5669.005,4.88984,2.82150,93,28.0,1.667
5670.005,4.88497,2.58703,93,28.0,1.667
5671.005,4.88649,3.50962,92,28.0,1.667
5672.005,4.89644,3.28451,92,28.0,1.667
5673.005,4.90124,3.04742,92,28.0,1.667
5674.005,4.90098,2.81131,92,28.0,1.667
5675.005,4.89575,2.57638,92,28.0,1.667
5676.005,4.89690,3.49854,93,28.0,1.667
5677.005,4.90674,3.28568,93,28.0,1.667
5678.005,4.91144,3.04813,93,28.0,1.667
5679.005,4.91106,2.81155,93,28.0,1.667
5680.005,4.90569,2.57617,93,28.0,1.667
5681.005,4.90671,3.49787,93,28.0,1.667
5682.005,4.91641,3.28458,93,28.0,1.667
5683.005,4.92095,3.04659,93,28.0,1.667
5684.005,4.92042,2.80959,93,28.0,1.667
5685.005,4.91489,2.57380,93,28.0,1.667
5686.005,4.91573,3.49511,93,28.0,1.667
5687.005,4.92526,3.28142,93,28.0,1.667
5688.005,4.92962,3.04305,93,28.0,1.667
5689.005,4.92889,2.80568,93,28.0,1.667
5690.005,4.92317,2.56952,93,28.0,1.667
5691.005,4.92382,3.49048,93,28.0,1.667
5692.005,4.93314,3.27645,93,28.0,1.667
5693.005,4.93729,3.03775,93,28.0,1.667
5694.005,4.93635,2.80006,93,28.0,1.667
5695.005,4.93041,2.56360,93,28.0,1.667
5696.005,4.93084,3.48425,93,28.0,1.667
5697.005,4.93993,3.26994,93,28.0,1.667
5698.005,4.94386,3.03096,93,28.0,1.667
5699.005,4.94269,2.79301,93,28.0,1.667
5700.005,4.93652,2.55630,93,28.0,1.667
5701.005,4.93671,3.47672,94,28.0,1.667
5702.005,4.94583,3.27484,94,28.0,1.667
5703.005,4.94978,3.03558,94,28.0,1.667
5704.005,4.94863,2.79733,94,28.0,1.667
5705.005,4.94247,2.56033,94,28.0,1.667
5706.005,4.94267,3.48046,94,28.0,1.667
5707.005,4.95180,3.27830,94,28.0,1.667
5708.005,4.95574,3.03875,94,28.0,1.667
5709.005,4.95458,2.80022,94,28.0,1.667
5710.005,4.94840,2.56294,94,28.0,1.667
5711.005,4.94858,3.48279,94,28.0,1.667
5712.005,4.95768,3.28035,94,28.0,1.667
5713.005,4.96159,3.04052,94,28.0,1.667
5714.005,4.96039,2.80172,94,28.0,1.667
5715.005,4.95416,2.56417,94,28.0,1.667
5716.005,4.95429,3.48375,94,28.0,1.667
5717.005,4.96333,3.28105,94,28.0,1.667
5718.005,4.96718,3.04097,94,28.0,1.667
5719.005,4.96592,2.80191,94,28.0,1.667
5720.005,4.95963,2.56411,94,28.0,1.667
5721.005,4.95968,3.48344,94,28.0,1.667
5722.005,4.96864,3.28050,94,28.0,1.667
5723.005,4.97241,3.04018,94,28.0,1.667
5724.005,4.97106,2.80089,94,28.0,1.667
5725.005,4.96468,2.56287,94,28.0,1.667
5726.005,4.96464,3.48198,94,28.0,1.667
5727.005,4.97351,3.27882,94,28.0,1.667
5728.005,4.97718,3.03829,94,28.0,1.667
5729.005,4.97573,2.79880,94,28.0,1.667
5730.005,4.96924,2.56057,94,28.0,1.667
5731.005,4.96909,3.47949,94,28.0,1.667
5732.005,4.97785,3.27615,94,28.0,1.667
5733.005,4.98140,3.03543,94,28.0,1.667
5734.005,4.97984,2.79576,94,28.0,1.667
5735.005,4.97323,2.55736,94,28.0,1.667
5736.005,4.97296,3.47612,94,28.0,1.667
5737.005,4.98160,3.27262,94,28.0,1.667
5738.005,4.98503,3.03175,94,28.0,1.667
5739.005,4.98334,2.79194,94,28.0,1.667
5740.005,4.97661,2.55340,94,28.0,1.667
5741.005,4.97621,3.47203,94,28.0,1.667
5742.005,4.98472,3.26840,94,28.0,1.667
5743.005,4.98802,3.02741,94,28.0,1.667
5744.005,4.98619,2.78748,94,28.0,1.667
5745.005,4.97933,2.54884,94,28.0,1.667
5746.005,4.97880,3.46737,94,28.0,1.667
5747.005,4.98718,3.26364,94,28.0,1.667
5748.005,4.99034,3.02257,94,28.0,1.667
5749.005,4.98839,2.78256,94,28.0,1.667
5750.005,4.98139,2.54385,94,28.0,1.667
5751.005,4.98073,3.46230,94,28.0,1.667
5752.005,4.98897,3.25852,94,28.0,1.667
5753.005,4.99201,3.01739,94,28.0,1.667
5754.005,4.98992,2.77734,94,28.0,1.667
5755.005,4.98280,2.53858,94,28.0,1.667
5756.005,4.98201,3.45700,94,28.0,1.667
5757.005,4.99012,3.25318,94,28.0,1.667
5758.005,4.99303,3.01203,94,28.0,1.667
5759.005,4.99081,2.77195,94,28.0,1.667
5760.005,4.98356,2.53318,94,28.0,1.667
5761.005,4.98265,3.45159,95,28.0,1.667
5762.005,4.99090,3.26044,95,28.0,1.667
5763.005,4.99395,3.01922,95,28.0,1.667
5764.005,4.99187,2.77907,95,28.0,1.667
5765.005,4.98476,2.54021,95,28.0,1.667
5766.005,4.98398,3.45853,95,28.0,1.667
5767.005,4.99236,3.26729,95,28.0,1.667
5768.005,4.99553,3.02596,95,28.0,1.667
5769.005,4.99358,2.78571,95,28.0,1.667
5770.005,4.98658,2.54674,95,28.0,1.667
5771.005,4.98592,3.46495,95,28.0,1.667
5772.005,4.99440,3.27358,95,28.0,1.667
5773.005,4.99769,3.03214,95,28.0,1.667
5774.005,4.99583,2.79175,95,28.0,1.667
5775.005,4.98894,2.55265,95,28.0,1.667
5776.005,4.98836,3.47072,94,28.0,1.667
5777.005,4.99668,3.26655,94,28.0,1.667
5778.005,4.99978,3.02504,94,28.0,1.667
5779.005,4.99775,2.78459,94,28.0,1.667
5780.005,4.99068,2.54544,94,28.0,1.667
5781.005,4.98993,3.46347,94,28.0,1.667
5782.005,4.99808,3.25927,94,28.0,1.667
5783.005,5.00101,3.01773,94,28.0,1.667
5784.005,4.99881,2.77727,94,28.0,1.667
5785.005,4.99156,2.53811,94,28.0,1.667
5786.005,4.99065,3.45613,95,28.0,1.667
5787.005,4.99889,3.26460,95,28.0,1.667
5788.005,5.00192,3.02299,95,28.0,1.667
5789.005,4.99982,2.78246,95,28.0,1.667
5790.005,4.99268,2.54323,95,28.0,1.667
5791.005,4.99185,3.46118,94,28.0,1.667
5792.005,4.99992,3.25690,94,28.0,1.667
5793.005,5.00278,3.01529,94,28.0,1.667
5794.005,5.00051,2.77476,94,28.0,1.667
5795.005,4.99319,2.53553,94,28.0,1.667
5796.005,4.99220,3.45350,95,28.0,1.667
5797.005,5.00036,3.26191,95,28.0,1.667
5798.005,5.00332,3.02025,95,28.0,1.667
5799.005,5.00114,2.77967,95,28.0,1.667
5800.005,4.99392,2.54040,95,28.0,1.667
5801.005,4.99302,3.45831,95,28.0,1.667
5802.005,5.00128,3.26665,95,28.0,1.667
5803.005,5.00432,3.02493,95,28.0,1.667
5804.005,5.00223,2.78428,95,28.0,1.667
5805.005,4.99509,2.54493,95,28.0,1.667
5806.005,4.99427,3.46277,94,28.0,1.667
5807.005,5.00235,3.25837,94,28.0,1.667
5808.005,5.00520,3.01664,94,28.0,1.667
5809.005,5.00292,2.77599,94,28.0,1.667
5810.005,4.99560,2.53665,94,28.0,1.667
5811.005,4.99460,3.45451,95,28.0,1.667
5812.005,5.00276,3.26280,95,28.0,1.667
5813.005,5.00570,3.02103,95,28.0,1.667
5814.005,5.00351,2.78034,95,28.0,1.667
5815.005,4.99627,2.54095,95,28.0,1.667
5816.005,4.99535,3.45876,94,28.0,1.667
5817.005,5.00332,3.25433,94,28.0,1.667
5818.005,5.00608,3.01258,94,28.0,1.667
5819.005,5.00371,2.77191,94,28.0,1.667
5820.005,4.99629,2.53256,94,28.0,1.667
5821.005,4.99519,3.45040,95,28.0,1.667
5822.005,5.00325,3.25869,95,28.0,1.667
5823.005,5.00611,3.01692,95,28.0,1.667
5824.005,5.00382,2.77623,95,28.0,1.667
5825.005,4.99649,2.53685,95,28.0,1.667
5826.005,4.99548,3.45466,95,28.0,1.667
5827.005,5.00363,3.26292,95,28.0,1.667
5828.005,5.00657,3.02111,95,28.0,1.667
5829.005,5.00436,2.78037,95,28.0,1.667
5830.005,4.99711,2.54095,95,28.0,1.667
5831.005,4.99618,3.45871,95,28.0,1.667
5832.005,5.00441,3.26692,95,28.0,1.667
5833.005,5.00742,3.02505,95,28.0,1.667
5834.005,5.00529,2.78426,95,28.0,1.667
5835.005,4.99811,2.54477,95,28.0,1.667
5836.005,4.99724,3.46247,94,28.0,1.667
5837.005,5.00527,3.25795,94,28.0,1.667
5838.005,5.00808,3.01609,94,28.0,1.667
5839.005,5.00575,2.77531,94,28.0,1.667
5840.005,4.99838,2.53585,94,28.0,1.667
5841.005,4.99732,3.45358,95,28.0,1.667
5842.005,5.00542,3.26176,95,28.0,1.667
5843.005,5.00831,3.01987,95,28.0,1.667
5844.005,5.00606,2.77907,95,28.0,1.667
5845.005,4.99876,2.53957,95,28.0,1.667
5846.005,4.99778,3.45727,95,28.0,1.667
5847.005,5.00595,3.26541,95,28.0,1.667
5848.005,5.00891,3.02348,95,28.0,1.667
5849.005,5.00673,2.78263,95,28.0,1.667
5850.005,4.99949,2.54309,95,28.0,1.667
5851.005,4.99858,3.46073,95,28.0,1.667
5852.005,5.00681,3.26882,95,28.0,1.667
5853.005,5.00983,3.02684,95,28.0,1.667
5854.005,5.00771,2.78593,95,28.0,1.667
5855.005,5.00053,2.54633,95,28.0,1.667
5856.005,4.99967,3.46391,94,28.0,1.667
5857.005,5.00769,3.25926,94,28.0,1.667
5858.005,5.01050,3.01729,94,28.0,1.667
5859.005,5.00816,2.77640,94,28.0,1.667
5860.005,5.00078,2.53682,94,28.0,1.667
5861.005,4.99972,3.45444,95,28.0,1.667
5862.005,5.00780,3.26251,95,28.0,1.667
5863.005,5.01067,3.02051,95,28.0,1.667
5864.005,5.00841,2.77960,95,28.0,1.667
5865.005,5.00109,2.53999,95,28.0,1.667
5866.005,5.00008,3.45758,95,28.0,1.667
5867.005,5.00823,3.26562,95,28.0,1.667
5868.005,5.01116,3.02359,95,28.0,1.667
5869.005,5.00895,2.78263,95,28.0,1.667
5870.005,5.00169,2.54299,95,28.0,1.667
5871.005,5.00074,3.46054,95,28.0,1.667
5872.005,5.00895,3.26853,95,28.0,1.667
5873.005,5.01193,3.02645,95,28.0,1.667
5874.005,5.00977,2.78545,95,28.0,1.667
5875.005,5.00256,2.54575,95,28.0,1.667
5876.005,5.00166,3.46325,94,28.0,1.667
5877.005,5.00964,3.25852,94,28.0,1.667
5878.005,5.01241,3.01646,94,28.0,1.667
5879.005,5.01003,2.77549,94,28.0,1.667
5880.005,5.00260,2.53583,94,28.0,1.667
5881.005,5.00149,3.45337,95,28.0,1.667
5882.005,5.00953,3.26136,95,28.0,1.667
5883.005,5.01236,3.01930,95,28.0,1.667
5884.005,5.01004,2.77831,95,28.0,1.667
5885.005,5.00267,2.53864,95,28.0,1.667
5886.005,5.00162,3.45617,95,28.0,1.667
5887.005,5.00972,3.26414,95,28.0,1.667
5888.005,5.01260,3.02205,95,28.0,1.667
5889.005,5.01034,2.78104,95,28.0,1.667
5890.005,5.00302,2.54134,95,28.0,1.667
5891.005,5.00202,3.45884,95,28.0,1.667
5892.005,5.01017,3.26678,95,28.0,1.667
5893.005,5.01310,3.02465,95,28.0,1.667
5894.005,5.01089,2.78361,95,28.0,1.667
5895.005,5.00362,2.54387,95,28.0,1.667
5896.005,5.00267,3.46133,95,28.0,1.667
5897.005,5.01086,3.26923,95,28.0,1.667
5898.005,5.01384,3.02706,95,28.0,1.667
5899.005,5.01166,2.78597,95,28.0,1.667
5900.005,5.00443,2.54619,95,28.0,1.667
5901.005,5.00352,3.46359,94,28.0,1.667
5902.005,5.01149,3.25878,94,28.0,1.667
5903.005,5.01423,3.01663,94,28.0,1.667
5904.005,5.01184,2.77558,94,28.0,1.667
5905.005,5.00439,2.53584,94,28.0,1.667
5906.005,5.00325,3.45330,95,28.0,1.667
5907.005,5.01127,3.26121,95,28.0,1.667
5908.005,5.01407,3.01907,95,28.0,1.667
5909.005,5.01172,2.77801,95,28.0,1.667
5910.005,5.00433,2.53826,95,28.0,1.667
5911.005,5.00325,3.45572,95,28.0,1.667
5912.005,5.01131,3.26362,95,28.0,1.667
5913.005,5.01416,3.02146,95,28.0,1.667
5914.005,5.01187,2.78038,95,28.0,1.667
5915.005,5.00452,2.54062,95,28.0,1.667
5916.005,5.00349,3.45805,95,28.0,1.667
5917.005,5.01160,3.26593,95,28.0,1.667
5918.005,5.01449,3.02374,95,28.0,1.667
5919.005,5.01224,2.78264,95,28.0,1.667
5920.005,5.00494,2.54285,95,28.0,1.667
5921.005,5.00394,3.46025,95,28.0,1.667
5922.005,5.01210,3.26810,95,28.0,1.667
5923.005,5.01503,3.02588,95,28.0,1.667
5924.005,5.01282,2.78474,95,28.0,1.667
5925.005,5.00555,2.54491,95,28.0,1.667
5926.005,5.00459,3.46228,95,28.0,1.667
5927.005,5.01278,3.27008,95,28.0,1.667
5928.005,5.01574,3.02783,95,28.0,1.667
5929.005,5.01356,2.78665,95,28.0,1.667
5930.005,5.00632,2.54678,95,28.0,1.667
5931.005,5.00540,3.46409,94,28.0,1.667
5932.005,5.01335,3.25919,94,28.0,1.667
5933.005,5.01608,3.01696,94,28.0,1.667
5934.005,5.01367,2.77582,94,28.0,1.667
5935.005,5.00620,2.53600,94,28.0,1.667
5936.005,5.00504,3.45338,95,28.0,1.667
5937.005,5.01304,3.26121,95,28.0,1.667
5938.005,5.01581,3.01898,95,28.0,1.667
5939.005,5.01344,2.77785,95,28.0,1.667
5940.005,5.00602,2.53803,95,28.0,1.667
5941.005,5.00491,3.45540,95,28.0,1.667
5942.005,5.01295,3.26323,95,28.0,1.667
5943.005,5.01577,3.02100,95,28.0,1.667
5944.005,5.01345,2.77985,95,28.0,1.667
5945.005,5.00606,2.54002,95,28.0,1.667
5946.005,5.00500,3.45738,95,28.0,1.667
5947.005,5.01308,3.26520,95,28.0,1.667
5948.005,5.01594,3.02295,95,28.0,1.667
5949.005,5.01365,2.78179,95,28.0,1.667
5950.005,5.00631,2.54194,95,28.0,1.667
5951.005,5.00528,3.45928,95,28.0,1.667
5952.005,5.01339,3.26707,95,28.0,1.667
5953.005,5.01629,3.02480,95,28.0,1.667
5954.005,5.01404,2.78361,95,28.0,1.667
5955.005,5.00673,2.54374,95,28.0,1.667
5956.005,5.00573,3.46105,95,28.0,1.667
5957.005,5.01387,3.26881,95,28.0,1.667
5958.005,5.01680,3.02651,95,28.0,1.667
5959.005,5.01458,2.78529,95,28.0,1.667
5960.005,5.00730,2.54538,95,28.0,1.667
5961.005,5.00633,3.46266,95,28.0,1.667
5962.005,5.01450,3.27039,95,28.0,1.667
5963.005,5.01745,3.02805,95,28.0,1.667
5964.005,5.01525,2.78680,95,28.0,1.667
5965.005,5.00799,2.54685,95,28.0,1.667
5966.005,5.00705,3.46409,94,28.0,1.667
5967.005,5.01498,3.25911,94,28.0,1.667
5968.005,5.01768,3.01681,94,28.0,1.667
5969.005,5.01524,2.77560,94,28.0,1.667
5970.005,5.00775,2.53571,94,28.0,1.667
5971.005,5.00657,3.45302,95,28.0,1.667
5972.005,5.01454,3.26078,95,28.0,1.667
5973.005,5.01728,3.01849,95,28.0,1.667
5974.005,5.01489,2.77729,95,28.0,1.667
5975.005,5.00743,2.53741,95,28.0,1.667
5976.005,5.00629,3.45472,94,28.0,1.667
5977.005,5.01404,3.24983,94,28.0,1.667
5978.005,5.01656,3.00761,94,28.0,1.667
5979.005,5.01394,2.76650,94,28.0,1.667
5980.005,5.00627,2.52671,94,28.0,1.667
5981.005,5.00492,3.44413,94,28.0,1.667
5982.005,5.01246,3.23935,94,28.0,1.667
5983.005,5.01478,2.99726,94,28.0,1.667
5984.005,5.01197,2.75628,94,28.0,1.667
5985.005,5.00411,2.51663,94,28.0,1.667
5986.005,5.00258,3.43420,95,28.0,1.667
5987.005,5.01020,3.24224,95,28.0,1.667
5988.005,5.01261,3.00023,95,28.0,1.667
5989.005,5.00989,2.75934,95,28.0,1.667
5990.005,5.00212,2.51977,95,28.0,1.667
5991.005,5.00068,3.43741,95,28.0,1.667
5992.005,5.00840,3.24552,95,28.0,1.667
5993.005,5.01090,3.00358,95,28.0,1.667
5994.005,5.00827,2.76274,95,28.0,1.667
5995.005,5.00060,2.52323,95,28.0,1.667
5996.005,4.99925,3.44092,95,28.0,1.667
5997.005,5.00706,3.24908,95,28.0,1.667
5998.005,5.00966,3.00718,95,28.0,1.667
5999.005,5.00712,2.76638,95,28.0,1.667
6000.005,4.99954,2.52690,95,28.0,1.667
6001.005,4.99828,3.44463,95,28.0,1.667
6002.005,5.00618,3.25281,95,28.0,1.667
6003.005,5.00887,3.01093,95,28.0,1.667
6004.005,5.00642,2.77015,95,28.0,1.667
6005.005,4.99893,2.53068,95,28.0,1.667
6006.005,4.99776,3.44841,95,28.0,1.667
6007.005,5.00574,3.25660,95,28.0,1.667
6008.005,5.00852,3.01472,95,28.0,1.667
6009.005,5.00616,2.77394,95,28.0,1.667
6010.005,4.99875,2.53446,95,28.0,1.667
6011.005,4.99766,3.45218,95,28.0,1.667
6012.005,5.00572,3.26036,95,28.0,1.667
6013.005,5.00858,3.01846,95,28.0,1.667
6014.005,5.00629,2.77765,95,28.0,1.667
6015.005,4.99896,2.53816,95,28.0,1.667
6016.005,4.99795,3.45585,95,28.0,1.667
6017.005,5.00609,3.26399,95,28.0,1.667
6018.005,5.00901,3.02206,95,28.0,1.667
6019.005,5.00680,2.78122,95,28.0,1.667
6020.005,4.99954,2.54168,95,28.0,1.667
6021.005,4.99859,3.45933,95,28.0,1.667
6022.005,5.00679,3.26742,95,28.0,1.667
6023.005,5.00978,3.02544,95,28.0,1.667
6024.005,5.00763,2.78455,95,28.0,1.667
6025.005,5.00042,2.54495,95,28.0,1.667
6026.005,4.99954,3.46255,94,28.0,1.667
6027.005,5.00753,3.25791,94,28.0,1.667
6028.005,5.01031,3.01595,94,28.0,1.667
6029.005,5.00795,2.77508,94,28.0,1.667
6030.005,5.00054,2.53552,94,28.0,1.667
6031.005,4.99946,3.45315,95,28.0,1.667
6032.005,5.00752,3.26124,95,28.0,1.667
6033.005,5.01037,3.01926,95,28.0,1.667
6034.005,5.00808,2.77837,95,28.0,1.667
6035.005,5.00073,2.53878,95,28.0,1.667
6036.005,4.99971,3.45639,95,28.0,1.667
6037.005,5.00784,3.26445,95,28.0,1.667
6038.005,5.01075,3.02244,95,28.0,1.667
6039.005,5.00852,2.78152,95,28.0,1.667
6040.005,5.00124,2.54190,95,28.0,1.667
6041.005,5.00028,3.45947,95,28.0,1.667
6042.005,5.00846,3.26749,95,28.0,1.667
6043.005,5.01143,3.02544,95,28.0,1.667
6044.005,5.00926,2.78446,95,28.0,1.667
6045.005,5.00203,2.54480,95,28.0,1.667
6046.005,5.00112,3.46232,94,28.0,1.667
6047.005,5.00909,3.25762,94,28.0,1.667
6048.005,5.01184,3.01559,94,28.0,1.667
6049.005,5.00945,2.77465,94,28.0,1.667
6050.005,5.00202,2.53502,94,28.0,1.667
6051.005,5.00090,3.45259,95,28.0,1.667
6052.005,5.00893,3.26061,95,28.0,1.667
6053.005,5.01175,3.01858,95,28.0,1.667
6054.005,5.00942,2.77762,95,28.0,1.667
6055.005,5.00205,2.53798,95,28.0,1.667
6056.005,5.00099,3.45554,95,28.0,1.667
6057.005,5.00908,3.26354,95,28.0,1.667
6058.005,5.01196,3.02148,95,28.0,1.667
6059.005,5.00970,2.78051,95,28.0,1.667
6060.005,5.00238,2.54084,95,28.0,1.667
6061.005,5.00138,3.45837,95,28.0,1.667
6062.005,5.00952,3.26634,95,28.0,1.667
6063.005,5.01245,3.02425,95,28.0,1.667
6064.005,5.01024,2.78323,95,28.0,1.667
6065.005,5.00297,2.54353,95,28.0,1.667
6066.005,5.00202,3.46102,95,28.0,1.667
6067.005,5.01022,3.26895,95,28.0,1.667
6068.005,5.01319,3.02681,95,28.0,1.667
6069.005,5.01102,2.78575,95,28.0,1.667
6070.005,5.00380,2.54600,95,28.0,1.667
6071.005,5.00289,3.46343,95,28.0,1.667
6072.005,5.01112,3.27131,95,28.0,1.667
6073.005,5.01414,3.02912,95,28.0,1.667
6074.005,5.01200,2.78801,95,28.0,1.667
6075.005,5.00481,2.54820,95,28.0,1.667
6076.005,5.00394,3.46558,94,28.0,1.667
6077.005,5.01194,3.26074,94,28.0,1.667
6078.005,5.01472,3.01856,94,28.0,1.667
6079.005,5.01236,2.77748,94,28.0,1.667
6080.005,5.00494,2.53770,94,28.0,1.667
6081.005,5.00384,3.45513,94,28.0,1.667
6082.005,5.01163,3.25034,94,28.0,1.667
6083.005,5.01419,3.00823,94,28.0,1.667
6084.005,5.01162,2.76722,94,28.0,1.667
6085.005,5.00400,2.52754,94,28.0,1.667
6086.005,5.00269,3.44506,94,28.0,1.667
6087.005,5.01028,3.24037,94,28.0,1.667
6088.005,5.01265,2.99837,94,28.0,1.667
6089.005,5.00989,2.75748,94,28.0,1.667
6090.005,5.00209,2.51792,94,28.0,1.667
6091.005,5.00061,3.43558,95,28.0,1.667
6092.005,5.00828,3.24370,95,28.0,1.667
6093.005,5.01075,3.00177,95,28.0,1.667
6094.005,5.00809,2.76095,95,28.0,1.667
6095.005,5.00038,2.52145,95,28.0,1.667
6096.005,4.99900,3.43917,95,28.0,1.667
6097.005,5.00677,3.24734,95,28.0,1.667
6098.005,5.00933,3.00547,95,28.0,1.667
6099.005,5.00677,2.76469,95,28.0,1.667
6100.005,4.99915,2.52524,95,28.0,1.667
6101.005,4.99787,3.44299,95,28.0,1.667
6102.005,5.00573,3.25119,95,28.0,1.667
6103.005,5.00840,3.00935,95,28.0,1.667
6104.005,5.00592,2.76859,95,28.0,1.667
6105.005,4.99840,2.52916,95,28.0,1.667
6106.005,4.99721,3.44692,95,28.0,1.667
6107.005,5.00517,3.25514,95,28.0,1.667
6108.005,5.00792,3.01330,95,28.0,1.667
6109.005,5.00553,2.77254,95,28.0,1.667
6110.005,4.99810,2.53310,95,28.0,1.667
6111.005,4.99700,3.45086,95,28.0,1.667
6112.005,5.00504,3.25907,95,28.0,1.667
6113.005,5.00788,3.01721,95,28.0,1.667
6114.005,5.00558,2.77644,95,28.0,1.667
6115.005,4.99823,2.53698,95,28.0,1.667
6116.005,4.99720,3.45472,95,28.0,1.667
6117.005,5.00533,3.26289,95,28.0,1.667
6118.005,5.00824,3.02101,95,28.0,1.667
6119.005,5.00601,2.78020,95,28.0,1.667
6120.005,4.99874,2.54070,95,28.0,1.667
6121.005,4.99778,3.45839,95,28.0,1.667
6122.005,5.00598,3.26653,95,28.0,1.667
6123.005,5.00896,3.02459,95,28.0,1.667
6124.005,5.00680,2.78374,95,28.0,1.667
6125.005,4.99959,2.54418,95,28.0,1.667
6126.005,4.99869,3.46182,95,28.0,1.667
6127.005,5.00695,3.26990,95,28.0,1.667
6128.005,5.00999,3.02790,95,28.0,1.667
6129.005,5.00788,2.78698,95,28.0,1.667
6130.005,5.00073,2.54736,95,28.0,1.667
6131.005,4.99988,3.46493,94,28.0,1.667
6132.005,5.00793,3.26027,94,28.0,1.667
6133.005,5.01075,3.01828,94,28.0,1.667
6134.005,5.00844,2.77738,94,28.0,1.667
6135.005,5.00107,2.53778,94,28.0,1.667
6136.005,5.00002,3.45538,95,28.0,1.667
6137.005,5.00812,3.26343,95,28.0,1.667
6138.005,5.01101,3.02142,95,28.0,1.667
6139.005,5.00876,2.78048,95,28.0,1.667
6140.005,5.00145,2.54086,95,28.0,1.667
6141.005,5.00046,3.45843,95,28.0,1.667
6142.005,5.00862,3.26644,95,28.0,1.667
6143.005,5.01157,3.02439,95,28.0,1.667
6144.005,5.00937,2.78341,95,28.0,1.667
6145.005,5.00212,2.54375,95,28.0,1.667
6146.005,5.00118,3.46127,94,28.0,1.667
6147.005,5.00913,3.25657,94,28.0,1.667
6148.005,5.01186,3.01454,94,28.0,1.667
6149.005,5.00945,2.77361,94,28.0,1.667
6150.005,5.00199,2.53399,94,28.0,1.667
6151.005,5.00085,3.45156,95,28.0,1.667
6152.005,5.00886,3.25959,95,28.0,1.667
6153.005,5.01166,3.01757,95,28.0,1.667
6154.005,5.00931,2.77662,95,28.0,1.667
6155.005,5.00192,2.53699,95,28.0,1.667
6156.005,5.00084,3.45456,95,28.0,1.667
6157.005,5.00892,3.26257,95,28.0,1.667
6158.005,5.01178,3.02053,95,28.0,1.667
6159.005,5.00949,2.77956,95,28.0,1.667
6160.005,5.00216,2.53991,95,28.0,1.667
6161.005,5.00114,3.45745,95,28.0,1.667
6162.005,5.00927,3.26544,95,28.0,1.667
6163.005,5.01219,3.02336,95,28.0,1.667
6164.005,5.00996,2.78237,95,28.0,1.667
6165.005,5.00268,2.54268,95,28.0,1.667
6166.005,5.00171,3.46018,95,28.0,1.667
6167.005,5.00989,3.26813,95,28.0,1.667
6168.005,5.01285,3.02601,95,28.0,1.667
6169.005,5.01067,2.78497,95,28.0,1.667
6170.005,5.00344,2.54524,95,28.0,1.667
6171.005,5.00251,3.46270,95,28.0,1.667
6172.005,5.01074,3.27060,95,28.0,1.667
6173.005,5.01374,3.02843,95,28.0,1.667
6174.005,5.01160,2.78734,95,28.0,1.667
6175.005,5.00440,2.54755,95,28.0,1.667
6176.005,5.00352,3.46495,94,28.0,1.667
6177.005,5.01151,3.26013,94,28.0,1.667
6178.005,5.01429,3.01798,94,28.0,1.667
6179.005,5.01192,2.77691,94,28.0,1.667
6180.005,5.00449,2.53716,94,28.0,1.667
6181.005,5.00339,3.45461,94,28.0,1.667
6182.005,5.01117,3.24985,94,28.0,1.667
6183.005,5.01373,3.00776,94,28.0,1.667
6184.005,5.01115,2.76678,94,28.0,1.667
6185.005,5.00352,2.52711,94,28.0,1.667
6186.005,5.00222,3.44466,95,28.0,1.667
6187.005,5.01007,3.25266,95,28.0,1.667
6188.005,5.01270,3.01061,95,28.0,1.667
6189.005,5.01020,2.76965,95,28.0,1.667
6190.005,5.00264,2.53002,95,28.0,1.667
6191.005,5.00141,3.44759,94,28.0,1.667
6192.005,5.00907,3.24295,94,28.0,1.667
6193.005,5.01151,3.00099,94,28.0,1.667
6194.005,5.00882,2.76014,94,28.0,1.667
6195.005,5.00109,2.52061,94,28.0,1.667
6196.005,4.99968,3.43830,95,28.0,1.667
6197.005,5.00742,3.24645,95,28.0,1.667
6198.005,5.00996,3.00455,95,28.0,1.667
6199.005,5.00736,2.76375,95,28.0,1.667
6200.005,4.99972,2.52427,95,28.0,1.667
6201.005,4.99841,3.44200,95,28.0,1.667
6202.005,5.00625,3.25019,95,28.0,1.667
6203.005,5.00888,3.00832,95,28.0,1.667
6204.005,5.00638,2.76755,95,28.0,1.667
6205.005,4.99883,2.52810,95,28.0,1.667
6206.005,4.99761,3.44585,95,28.0,1.667
6207.005,5.00554,3.25405,95,28.0,1.667
6208.005,5.00827,3.01220,95,28.0,1.667
6209.005,5.00585,2.77144,95,28.0,1.667
6210.005,4.99840,2.53199,95,28.0,1.667
6211.005,4.99726,3.44974,95,28.0,1.667
6212.005,5.00528,3.25794,95,28.0,1.667
6213.005,5.00809,3.01608,95,28.0,1.667
6214.005,5.00576,2.77531,95,28.0,1.667
6215.005,4.99838,2.53584,95,28.0,1.667
6216.005,4.99733,3.45357,95,28.0,1.667
6217.005,5.00543,3.26175,95,28.0,1.667
6218.005,5.00832,3.01987,95,28.0,1.667
6219.005,5.00607,2.77906,95,28.0,1.667
6220.005,4.99877,2.53957,95,28.0,1.667
6221.005,4.99779,3.45726,95,28.0,1.667
6222.005,5.00596,3.26540,95,28.0,1.667
6223.005,5.00892,3.02347,95,28.0,1.667
6224.005,5.00673,2.78263,95,28.0,1.667
6225.005,4.99950,2.54308,95,28.0,1.667
6226.005,4.99858,3.46073,95,28.0,1.667
6227.005,5.00682,3.26881,95,28.0,1.667
6228.005,5.00983,3.02683,95,28.0,1.667
6229.005,5.00771,2.78592,95,28.0,1.667
6230.005,5.00053,2.54632,95,28.0,1.667
6231.005,4.99967,3.46390,94,28.0,1.667
6232.005,5.00770,3.25926,94,28.0,1.667
6233.005,5.01050,3.01728,94,28.0,1.667
6234.005,5.00817,2.77639,94,28.0,1.667
6235.005,5.00078,2.53681,94,28.0,1.667
6236.005,4.99972,3.45443,95,28.0,1.667
6237.005,5.00780,3.26250,95,28.0,1.667
6238.005,5.01068,3.02050,95,28.0,1.667
6239.005,5.00841,2.77959,95,28.0,1.667
6240.005,5.00109,2.53998,95,28.0,1.667
6241.005,5.00009,3.45757,95,28.0,1.667
6242.005,5.00823,3.26561,95,28.0,1.667
6243.005,5.01117,3.02358,95,28.0,1.667
6244.005,5.00895,2.78263,95,28.0,1.667
6245.005,5.00169,2.54298,95,28.0,1.667
6246.005,5.00075,3.46053,95,28.0,1.667
6247.005,5.00895,3.26852,95,28.0,1.667
6248.005,5.01193,3.02644,95,28.0,1.667
6249.005,5.00977,2.78544,95,28.0,1.667
6250.005,5.00255,2.54575,95,28.0,1.667
6251.005,5.00166,3.46324,94,28.0,1.667
6252.005,5.00964,3.25851,94,28.0,1.667
6253.005,5.01240,3.01645,94,28.0,1.667
6254.005,5.01003,2.77548,94,28.0,1.667
6255.005,5.00260,2.53582,94,28.0,1.667
6256.005,5.00149,3.45336,95,28.0,1.667
6257.005,5.00953,3.26136,95,28.0,1.667
6258.005,5.01236,3.01929,95,28.0,1.667
6259.005,5.01004,2.77830,95,28.0,1.667
6260.005,5.00267,2.53863,95,28.0,1.667
6261.005,5.00162,3.45616,95,28.0,1.667
6262.005,5.00972,3.26413,95,28.0,1.667
6263.005,5.01260,3.02204,95,28.0,1.667
6264.005,5.01034,2.78103,95,28.0,1.667
6265.005,5.00302,2.54133,95,28.0,1.667
6266.005,5.00202,3.45883,95,28.0,1.667
6267.005,5.01017,3.26677,95,28.0,1.667
6268.005,5.01310,3.02464,95,28.0,1.667
6269.005,5.01089,2.78360,95,28.0,1.667
6270.005,5.00362,2.54387,95,28.0,1.667
6271.005,5.00267,3.46132,95,28.0,1.667
6272.005,5.01086,3.26922,95,28.0,1.667
6273.005,5.01383,3.02705,95,28.0,1.667
6274.005,5.01166,2.78596,95,28.0,1.667
6275.005,5.00443,2.54618,95,28.0,1.667
6276.005,5.00352,3.46359,94,28.0,1.667
6277.005,5.01148,3.25877,94,28.0,1.667
6278.005,5.01423,3.01663,94,28.0,1.667
6279.005,5.01183,2.77557,94,28.0,1.667
6280.005,5.00438,2.53584,94,28.0,1.667
6281.005,5.00325,3.45330,94,28.0,1.667
6282.005,5.01100,3.24854,94,28.0,1.667
6283.005,5.01354,3.00647,94,28.0,1.667
6284.005,5.01094,2.76550,94,28.0,1.667
6285.005,5.00329,2.52585,94,28.0,1.667
6286.005,5.00196,3.44341,95,28.0,1.667
6287.005,5.00978,3.25144,95,28.0,1.667
6288.005,5.01239,3.00941,95,28.0,1.667
6289.005,5.00987,2.76847,95,28.0,1.667
6290.005,5.00230,2.52886,95,28.0,1.667
6291.005,5.00104,3.44645,94,28.0,1.667
6292.005,5.00868,3.24183,94,28.0,1.667
6293.005,5.01111,2.99989,94,28.0,1.667
6294.005,5.00840,2.75906,94,28.0,1.667
6295.005,5.00064,2.51956,94,28.0,1.667
6296.005,4.99922,3.43727,95,28.0,1.667
6297.005,5.00695,3.24545,95,28.0,1.667
6298.005,5.00947,3.00358,95,28.0,1.667
6299.005,5.00686,2.76280,95,28.0,1.667
6300.005,4.99921,2.52335,95,28.0,1.667
6301.005,4.99788,3.44111,95,28.0,1.667
6302.005,5.00571,3.24933,95,28.0,1.667
6303.005,5.00833,3.00749,95,28.0,1.667
6304.005,5.00582,2.76675,95,28.0,1.667
6305.005,4.99826,2.52732,95,28.0,1.667
6306.005,4.99703,3.44510,95,28.0,1.667
6307.005,5.00495,3.25334,95,28.0,1.667
6308.005,5.00767,3.01152,95,28.0,1.667
6309.005,5.00525,2.77078,95,28.0,1.667
6310.005,4.99779,2.53137,95,28.0,1.667
6311.005,4.99665,3.44915,95,28.0,1.667
6312.005,5.00466,3.25738,95,28.0,1.667
6313.005,5.00747,3.01555,95,28.0,1.667
6314.005,5.00514,2.77480,95,28.0,1.667
6315.005,4.99776,2.53537,95,28.0,1.667
6316.005,4.99670,3.45313,95,28.0,1.667
6317.005,5.00480,3.26134,95,28.0,1.667
6318.005,5.00769,3.01949,95,28.0,1.667
6319.005,5.00544,2.77871,95,28.0,1.667
6320.005,4.99814,2.53925,95,28.0,1.667
6321.005,4.99716,3.45697,94,28.0,1.667
6322.005,5.00507,3.25248,94,28.0,1.667
6323.005,5.00777,3.01065,94,28.0,1.667
6324.005,5.00533,2.76992,94,28.0,1.667
6325.005,4.99785,2.53050,94,28.0,1.667
6326.005,4.99669,3.44828,95,28.0,1.667
6327.005,5.00468,3.25652,95,28.0,1.667
6328.005,5.00747,3.01469,95,28.0,1.667
6329.005,5.00512,2.77395,95,28.0,1.667
6330.005,4.99773,2.53453,95,28.0,1.667
6331.005,4.99665,3.45229,95,28.0,1.667
6332.005,5.00473,3.26051,95,28.0,1.667
6333.005,5.00761,3.01866,95,28.0,1.667
6334.005,5.00534,2.77789,95,28.0,1.667
6335.005,4.99802,2.53844,95,28.0,1.667
6336.005,4.99703,3.45617,94,28.0,1.667
6337.005,5.00493,3.25168,94,28.0,1.667
6338.005,5.00761,3.00987,94,28.0,1.667
6339.005,5.00516,2.76915,94,28.0,1.667
6340.005,4.99766,2.52974,94,28.0,1.667
6341.005,4.99649,3.44754,95,28.0,1.667
6342.005,5.00447,3.25579,95,28.0,1.667
6343.005,5.00724,3.01397,95,28.0,1.667
6344.005,5.00488,2.77325,95,28.0,1.667
6345.005,4.99747,2.53383,95,28.0,1.667
6346.005,4.99639,3.45162,95,28.0,1.667
6347.005,5.00446,3.25985,95,28.0,1.667
6348.005,5.00732,3.01802,95,28.0,1.667
6349.005,5.00504,2.77727,95,28.0,1.667
6350.005,4.99772,2.53782,95,28.0,1.667
6351.005,4.99672,3.45558,95,28.0,1.667
6352.005,5.00486,3.26377,95,28.0,1.667
6353.005,5.00780,3.02190,95,28.0,1.667
6354.005,5.00560,2.78111,95,28.0,1.667
6355.005,4.99835,2.54163,95,28.0,1.667
6356.005,4.99742,3.45933,94,28.0,1.667
6357.005,5.00538,3.25481,94,28.0,1.667
6358.005,5.00812,3.01296,94,28.0,1.667
6359.005,5.00573,2.77220,94,28.0,1.667
6360.005,4.99828,2.53275,94,28.0,1.667
6361.005,4.99717,3.45051,95,28.0,1.667
6362.005,5.00520,3.25871,95,28.0,1.667
6363.005,5.00803,3.01685,95,28.0,1.667
6364.005,5.00572,2.77607,95,28.0,1.667
6365.005,4.99836,2.53661,95,28.0,1.667
6366.005,4.99732,3.45433,95,28.0,1.667
6367.005,5.00544,3.26251,95,28.0,1.667
6368.005,5.00834,3.02062,95,28.0,1.667
6369.005,5.00611,2.77981,95,28.0,1.667
6370.005,4.99882,2.54031,95,28.0,1.667
6371.005,4.99786,3.45800,95,28.0,1.667
6372.005,5.00604,3.26613,95,28.0,1.667
6373.005,5.00901,3.02420,95,28.0,1.667
6374.005,5.00684,2.78334,95,28.0,1.667
6375.005,4.99962,2.54379,95,28.0,1.667
6376.005,4.99872,3.46142,95,28.0,1.667
6377.005,5.00697,3.26950,95,28.0,1.667
6378.005,5.01000,3.02750,95,28.0,1.667
6379.005,5.00789,2.78659,95,28.0,1.667
6380.005,5.00072,2.54697,95,28.0,1.667
6381.005,4.99987,3.46454,94,28.0,1.667
6382.005,5.00791,3.25988,94,28.0,1.667
6383.005,5.01072,3.01790,94,28.0,1.667
6384.005,5.00840,2.77699,94,28.0,1.667
6385.005,5.00102,2.53740,94,28.0,1.667
6386.005,4.99997,3.45501,95,28.0,1.667
6387.005,5.00806,3.26306,95,28.0,1.667
6388.005,5.01094,3.02105,95,28.0,1.667
6389.005,5.00868,2.78012,95,28.0,1.667
6390.005,5.00137,2.54050,95,28.0,1.667
6391.005,5.00038,3.45808,95,28.0,1.667
6392.005,5.00853,3.26609,95,28.0,1.667
6393.005,5.01147,3.02405,95,28.0,1.667
6394.005,5.00926,2.78308,95,28.0,1.667
6395.005,5.00201,2.54342,95,28.0,1.667
6396.005,5.00106,3.46095,94,28.0,1.667
6397.005,5.00901,3.25626,94,28.0,1.667
6398.005,5.01173,3.01424,94,28.0,1.667
6399.005,5.00932,2.77331,94,28.0,1.667
6400.005,5.00185,2.53369,94,28.0,1.667
6401.005,5.00071,3.45128,95,28.0,1.667
6402.005,5.00872,3.25932,95,28.0,1.667
6403.005,5.01151,3.01730,95,28.0,1.667
6404.005,5.00916,2.77636,95,28.0,1.667
6405.005,5.00176,2.53674,95,28.0,1.667
6406.005,5.00069,3.45431,95,28.0,1.667
6407.005,5.00875,3.26234,95,28.0,1.667
6408.005,5.01161,3.02030,95,28.0,1.667
6409.005,5.00933,2.77935,95,28.0,1.667
6410.005,5.00199,2.53970,95,28.0,1.667
6411.005,5.00097,3.45725,94,28.0,1.667
6412.005,5.00884,3.25258,94,28.0,1.667
6413.005,5.01149,3.01059,94,28.0,1.667
6414.005,5.00900,2.76969,94,28.0,1.667
6415.005,5.00146,2.53011,94,28.0,1.667
6416.005,5.00025,3.44773,95,28.0,1.667
6417.005,5.00818,3.25580,95,28.0,1.667
6418.005,5.01091,3.01382,95,28.0,1.667
6419.005,5.00850,2.77293,95,28.0,1.667
6420.005,5.00103,2.53336,95,28.0,1.667
6421.005,4.99989,3.45098,95,28.0,1.667
6422.005,5.00790,3.25906,95,28.0,1.667
6423.005,5.01070,3.01708,95,28.0,1.667
6424.005,5.00836,2.77618,95,28.0,1.667
6425.005,5.00097,2.53659,95,28.0,1.667
6426.005,4.99990,3.45420,95,28.0,1.667
6427.005,5.00798,3.26226,95,28.0,1.667
6428.005,5.01084,3.02026,95,28.0,1.667
6429.005,5.00857,2.77934,95,28.0,1.667
6430.005,5.00124,2.53973,95,28.0,1.667
6431.005,5.00023,3.45731,95,28.0,1.667
6432.005,5.00837,3.26534,95,28.0,1.667
6433.005,5.01129,3.02331,95,28.0,1.667
6434.005,5.00908,2.78235,95,28.0,1.667
6435.005,5.00181,2.54270,95,28.0,1.667
6436.005,5.00085,3.46025,95,28.0,1.667
6437.005,5.00904,3.26823,95,28.0,1.667
6438.005,5.01202,3.02615,95,28.0,1.667
6439.005,5.00985,2.78515,95,28.0,1.667
6440.005,5.00263,2.54545,95,28.0,1.667
6441.005,5.00173,3.46294,94,28.0,1.667
6442.005,5.00970,3.25821,94,28.0,1.667
6443.005,5.01246,3.01615,94,28.0,1.667
6444.005,5.01008,2.77518,94,28.0,1.667
6445.005,5.00264,2.53552,94,28.0,1.667
6446.005,5.00153,3.45306,95,28.0,1.667
6447.005,5.00956,3.26106,95,28.0,1.667
6448.005,5.01238,3.01899,95,28.0,1.667
6449.005,5.01005,2.77801,95,28.0,1.667
6450.005,5.00268,2.53834,95,28.0,1.667
6451.005,5.00162,3.45586,95,28.0,1.667
6452.005,5.00971,3.26383,95,28.0,1.667
6453.005,5.01259,3.02174,95,28.0,1.667
6454.005,5.01032,2.78074,95,28.0,1.667
6455.005,5.00300,2.54104,95,28.0,1.667
6456.005,5.00199,3.45854,95,28.0,1.667
6457.005,5.01014,3.26648,95,28.0,1.667
6458.005,5.01306,3.02436,95,28.0,1.667
6459.005,5.01084,2.78332,95,28.0,1.667
6460.005,5.00357,2.54359,95,28.0,1.667
6461.005,5.00261,3.46105,95,28.0,1.667
6462.005,5.01080,3.26895,95,28.0,1.667
6463.005,5.01377,3.02679,95,28.0,1.667
6464.005,5.01159,2.78570,95,28.0,1.667
6465.005,5.00436,2.54593,95,28.0,1.667
6466.005,5.00344,3.46334,94,28.0,1.667
6467.005,5.01140,3.25853,94,28.0,1.667
6468.005,5.01414,3.01639,94,28.0,1.667
6469.005,5.01174,2.77534,94,28.0,1.667
6470.005,5.00429,2.53561,94,28.0,1.667
6471.005,5.00315,3.45307,94,28.0,1.667
6472.005,5.01090,3.24832,94,28.0,1.667
6473.005,5.01344,3.00626,94,28.0,1.667
6474.005,5.01083,2.76529,94,28.0,1.667
6475.005,5.00318,2.52565,94,28.0,1.667
6476.005,5.00184,3.44322,95,28.0,1.667
6477.005,5.00967,3.25125,95,28.0,1.667
6478.005,5.01228,3.00922,95,28.0,1.667
6479.005,5.00975,2.76829,95,28.0,1.667
6480.005,5.00217,2.52869,95,28.0,1.667
6481.005,5.00092,3.44628,95,28.0,1.667
6482.005,5.00882,3.25433,95,28.0,1.667
6483.005,5.01150,3.01233,95,28.0,1.667
6484.005,5.00905,2.77142,95,28.0,1.667
6485.005,5.00155,2.53183,95,28.0,1.667
6486.005,5.00037,3.44944,95,28.0,1.667
6487.005,5.00834,3.25750,95,28.0,1.667
6488.005,5.01110,3.01551,95,28.0,1.667
6489.005,5.00872,2.77460,95,28.0,1.667
6490.005,5.00129,2.53501,95,28.0,1.667
6491.005,5.00018,3.45261,95,28.0,1.667
6492.005,5.00822,3.26067,95,28.0,1.667
6493.005,5.01105,3.01866,95,28.0,1.667
6494.005,5.00874,2.77774,95,28.0,1.667
6495.005,5.00138,2.53813,95,28.0,1.667
6496.005,5.00033,3.45571,95,28.0,1.667
6497.005,5.00844,3.26375,95,28.0,1.667
6498.005,5.01133,3.02172,95,28.0,1.667
6499.005,5.00907,2.78077,95,28.0,1.667
6500.005,5.00177,2.54113,95,28.0,1.667
